,Topic0,Topic1,Topic2,Topic3,dominant_topic,merge_col
Doc0,0.88,0.08,0.02,0.02,0,0
Doc1,0.02,0.01,0.96,0.01,2,1
Doc2,0.22,0.01,0.75,0.01,2,2
Doc3,0.96,0.01,0.01,0.01,0,3
Doc4,0.96,0.01,0.01,0.01,0,4
Doc5,0.95,0.02,0.02,0.02,0,5
Doc6,0.95,0.02,0.02,0.02,0,6
Doc7,0.95,0.01,0.02,0.01,0,7
Doc8,0.01,0.01,0.96,0.01,2,8
Doc9,0.95,0.02,0.02,0.02,0,9
Doc10,0.01,0.01,0.96,0.01,2,10
Doc11,0.96,0.01,0.02,0.01,0,11
Doc12,0.02,0.02,0.95,0.02,2,12
Doc13,0.96,0.01,0.01,0.01,0,13
Doc14,0.02,0.01,0.96,0.01,2,14
Doc15,0.96,0.01,0.01,0.01,0,15
Doc16,0.38,0.02,0.59,0.02,2,16
Doc17,0.95,0.02,0.02,0.02,0,17
Doc18,0.96,0.01,0.01,0.01,0,18
Doc19,0.94,0.02,0.02,0.02,0,19
Doc20,0.96,0.01,0.01,0.01,0,20
Doc21,0.02,0.02,0.95,0.02,2,21
Doc22,0.01,0.01,0.96,0.01,2,22
Doc23,0.01,0.01,0.96,0.01,2,23
Doc24,0.01,0.01,0.96,0.01,2,24
Doc25,0.04,0.03,0.9,0.03,2,25
Doc26,0.02,0.02,0.95,0.02,2,26
Doc27,0.95,0.02,0.02,0.02,0,27
Doc28,0.95,0.02,0.02,0.02,0,28
Doc29,0.96,0.01,0.01,0.01,0,29
Doc30,0.95,0.02,0.02,0.02,0,30
Doc31,0.96,0.01,0.01,0.01,0,31
Doc32,0.18,0.02,0.78,0.02,2,32
Doc33,0.88,0.08,0.02,0.02,0,33
Doc34,0.94,0.02,0.02,0.02,0,34
Doc35,0.95,0.02,0.02,0.02,0,35
Doc36,0.95,0.02,0.02,0.02,0,36
Doc37,0.02,0.02,0.94,0.02,2,37
Doc38,0.95,0.02,0.02,0.02,0,38
Doc39,0.96,0.01,0.01,0.01,0,39
Doc40,0.02,0.02,0.95,0.02,2,40
Doc41,0.02,0.01,0.95,0.01,2,41
Doc42,0.32,0.01,0.65,0.01,2,42
Doc43,0.02,0.02,0.95,0.02,2,43
Doc44,0.94,0.02,0.02,0.02,0,44
Doc45,0.01,0.01,0.96,0.01,2,45
Doc46,0.02,0.02,0.94,0.02,2,46
Doc47,0.23,0.02,0.73,0.02,2,47
Doc48,0.01,0.01,0.96,0.01,2,48
Doc49,0.96,0.01,0.02,0.01,0,49
Doc50,0.95,0.01,0.02,0.01,0,50
Doc51,0.94,0.02,0.02,0.02,0,51
Doc52,0.02,0.02,0.95,0.02,2,52
Doc53,0.25,0.01,0.73,0.01,2,53
Doc54,0.95,0.02,0.02,0.02,0,54
Doc55,0.96,0.01,0.02,0.01,0,55
Doc56,0.95,0.02,0.02,0.02,0,56
Doc57,0.02,0.02,0.95,0.02,2,57
Doc58,0.02,0.01,0.96,0.01,2,58
Doc59,0.02,0.02,0.95,0.02,2,59
Doc60,0.95,0.02,0.02,0.02,0,60
Doc61,0.02,0.02,0.94,0.02,2,61
Doc62,0.02,0.02,0.95,0.02,2,62
Doc63,0.95,0.02,0.02,0.02,0,63
Doc64,0.95,0.02,0.02,0.02,0,64
Doc65,0.5,0.01,0.47,0.01,0,65
Doc66,0.13,0.02,0.83,0.02,2,66
Doc67,0.02,0.02,0.94,0.02,2,67
Doc68,0.02,0.01,0.95,0.01,2,68
Doc69,0.96,0.01,0.01,0.01,0,69
Doc70,0.96,0.01,0.01,0.01,0,70
Doc71,0.94,0.02,0.02,0.02,0,71
Doc72,0.96,0.01,0.01,0.01,0,72
Doc73,0.43,0.01,0.55,0.01,2,73
Doc74,0.02,0.02,0.95,0.02,2,74
Doc75,0.96,0.01,0.01,0.01,0,75
Doc76,0.02,0.02,0.94,0.02,2,76
Doc77,0.02,0.02,0.95,0.02,2,77
Doc78,0.95,0.02,0.02,0.02,0,78
Doc79,0.95,0.02,0.02,0.02,0,79
Doc80,0.87,0.08,0.02,0.02,0,80
Doc81,0.02,0.02,0.95,0.02,2,81
Doc82,0.02,0.02,0.95,0.02,2,82
Doc83,0.24,0.02,0.73,0.02,2,83
Doc84,0.02,0.01,0.96,0.01,2,84
Doc85,0.34,0.02,0.63,0.02,2,85
Doc86,0.02,0.02,0.95,0.02,2,86
Doc87,0.93,0.02,0.03,0.02,0,87
Doc88,0.39,0.01,0.58,0.01,2,88
Doc89,0.96,0.01,0.01,0.01,0,89
Doc90,0.02,0.01,0.96,0.01,2,90
Doc91,0.02,0.01,0.95,0.01,2,91
Doc92,0.96,0.01,0.01,0.01,0,92
Doc93,0.96,0.01,0.01,0.01,0,93
Doc94,0.02,0.02,0.95,0.02,2,94
Doc95,0.94,0.02,0.02,0.02,0,95
Doc96,0.27,0.01,0.7,0.01,2,96
Doc97,0.03,0.01,0.95,0.01,2,97
Doc98,0.02,0.02,0.95,0.02,2,98
Doc99,0.93,0.01,0.04,0.01,0,99
Doc100,0.96,0.01,0.02,0.01,0,100
Doc101,0.02,0.01,0.95,0.01,2,101
Doc102,0.96,0.01,0.01,0.01,0,102
Doc103,0.34,0.01,0.63,0.01,2,103
Doc104,0.96,0.01,0.02,0.01,0,104
Doc105,0.01,0.01,0.96,0.01,2,105
Doc106,0.02,0.02,0.95,0.02,2,106
Doc107,0.02,0.01,0.96,0.01,2,107
Doc108,0.02,0.02,0.94,0.02,2,108
Doc109,0.96,0.01,0.01,0.01,0,109
Doc110,0.95,0.02,0.02,0.02,0,110
Doc111,0.95,0.01,0.02,0.01,0,111
Doc112,0.01,0.01,0.96,0.01,2,112
Doc113,0.02,0.02,0.95,0.02,2,113
Doc114,0.01,0.01,0.96,0.01,2,114
Doc115,0.14,0.01,0.83,0.01,2,115
Doc116,0.02,0.01,0.96,0.01,2,116
Doc117,0.95,0.02,0.02,0.02,0,117
Doc118,0.02,0.02,0.95,0.02,2,118
Doc119,0.95,0.02,0.02,0.02,0,119
Doc120,0.02,0.01,0.96,0.01,2,120
Doc121,0.94,0.02,0.02,0.02,0,121
Doc122,0.94,0.02,0.02,0.02,0,122
Doc123,0.34,0.01,0.63,0.01,2,123
Doc124,0.02,0.02,0.95,0.02,2,124
Doc125,0.02,0.02,0.95,0.02,2,125
Doc126,0.95,0.02,0.02,0.02,0,126
Doc127,0.36,0.02,0.61,0.02,2,127
Doc128,0.54,0.01,0.44,0.01,0,128
Doc129,0.94,0.02,0.02,0.02,0,129
Doc130,0.95,0.02,0.02,0.02,0,130
Doc131,0.25,0.02,0.71,0.02,2,131
Doc132,0.95,0.02,0.02,0.02,0,132
Doc133,0.52,0.01,0.46,0.01,0,133
Doc134,0.02,0.02,0.93,0.02,2,134
Doc135,0.96,0.01,0.01,0.01,0,135
Doc136,0.96,0.01,0.02,0.01,0,136
Doc137,0.94,0.02,0.02,0.02,0,137
Doc138,0.96,0.01,0.01,0.01,0,138
Doc139,0.95,0.01,0.02,0.01,0,139
Doc140,0.96,0.01,0.02,0.01,0,140
Doc141,0.96,0.01,0.01,0.01,0,141
Doc142,0.02,0.02,0.94,0.02,2,142
Doc143,0.02,0.02,0.94,0.02,2,143
Doc144,0.46,0.01,0.52,0.01,2,144
Doc145,0.93,0.03,0.02,0.02,0,145
Doc146,0.95,0.02,0.02,0.02,0,146
Doc147,0.96,0.01,0.01,0.01,0,147
Doc148,0.96,0.01,0.01,0.01,0,148
Doc149,0.95,0.02,0.02,0.02,0,149
Doc150,0.95,0.02,0.02,0.02,0,150
Doc151,0.94,0.02,0.02,0.02,0,151
Doc152,0.96,0.01,0.02,0.01,0,152
Doc153,0.94,0.02,0.02,0.02,0,153
Doc154,0.01,0.01,0.96,0.01,2,154
Doc155,0.95,0.01,0.02,0.01,0,155
Doc156,0.96,0.01,0.01,0.01,0,156
Doc157,0.02,0.02,0.95,0.02,2,157
Doc158,0.02,0.01,0.96,0.01,2,158
Doc159,0.96,0.01,0.02,0.01,0,159
Doc160,0.95,0.02,0.02,0.02,0,160
Doc161,0.95,0.02,0.02,0.02,0,161
Doc162,0.94,0.02,0.02,0.02,0,162
Doc163,0.3,0.02,0.65,0.02,2,163
Doc164,0.96,0.01,0.01,0.01,0,164
Doc165,0.28,0.02,0.68,0.02,2,165
Doc166,0.02,0.01,0.96,0.01,2,166
Doc167,0.03,0.02,0.92,0.02,2,167
Doc168,0.95,0.02,0.02,0.02,0,168
Doc169,0.95,0.02,0.02,0.02,0,169
Doc170,0.02,0.01,0.95,0.01,2,170
Doc171,0.96,0.01,0.01,0.01,0,171
Doc172,0.02,0.01,0.95,0.01,2,172
Doc173,0.95,0.02,0.02,0.02,0,173
Doc174,0.02,0.02,0.95,0.02,2,174
Doc175,0.02,0.02,0.95,0.02,2,175
Doc176,0.02,0.02,0.95,0.02,2,176
Doc177,0.95,0.02,0.02,0.02,0,177
Doc178,0.94,0.02,0.02,0.02,0,178
Doc179,0.96,0.01,0.02,0.01,0,179
Doc180,0.95,0.02,0.02,0.01,0,180
Doc181,0.03,0.02,0.92,0.02,2,181
Doc182,0.96,0.01,0.01,0.01,0,182
Doc183,0.96,0.01,0.01,0.01,0,183
Doc184,0.96,0.01,0.01,0.01,0,184
Doc185,0.96,0.01,0.01,0.01,0,185
Doc186,0.27,0.01,0.7,0.01,2,186
Doc187,0.95,0.02,0.02,0.02,0,187
Doc188,0.01,0.01,0.96,0.01,2,188
Doc189,0.29,0.01,0.68,0.01,2,189
Doc190,0.96,0.01,0.01,0.01,0,190
Doc191,0.28,0.02,0.69,0.02,2,191
Doc192,0.95,0.02,0.02,0.02,0,192
Doc193,0.95,0.02,0.02,0.02,0,193
Doc194,0.94,0.02,0.02,0.02,0,194
Doc195,0.02,0.01,0.96,0.01,2,195
Doc196,0.96,0.01,0.01,0.01,0,196
Doc197,0.96,0.01,0.02,0.01,0,197
Doc198,0.02,0.01,0.96,0.01,2,198
Doc199,0.02,0.02,0.94,0.02,2,199
Doc200,0.02,0.01,0.95,0.01,2,200
Doc201,0.02,0.01,0.96,0.01,2,201
Doc202,0.35,0.01,0.62,0.01,2,202
Doc203,0.3,0.02,0.67,0.02,2,203
Doc204,0.94,0.02,0.02,0.02,0,204
Doc205,0.96,0.01,0.02,0.01,0,205
Doc206,0.95,0.02,0.02,0.02,0,206
Doc207,0.96,0.01,0.01,0.01,0,207
Doc208,0.02,0.01,0.96,0.01,2,208
Doc209,0.96,0.01,0.02,0.01,0,209
Doc210,0.95,0.01,0.02,0.01,0,210
Doc211,0.95,0.02,0.02,0.02,0,211
Doc212,0.01,0.01,0.96,0.01,2,212
Doc213,0.02,0.02,0.95,0.01,2,213
Doc214,0.56,0.02,0.41,0.02,0,214
Doc215,0.02,0.02,0.95,0.02,2,215
Doc216,0.01,0.01,0.96,0.01,2,216
Doc217,0.02,0.02,0.94,0.02,2,217
Doc218,0.19,0.02,0.77,0.02,2,218
Doc219,0.94,0.02,0.02,0.02,0,219
Doc220,0.42,0.02,0.55,0.02,2,220
Doc221,0.96,0.01,0.02,0.01,0,221
Doc222,0.96,0.01,0.01,0.01,0,222
Doc223,0.96,0.01,0.01,0.01,0,223
Doc224,0.95,0.02,0.02,0.02,0,224
Doc225,0.01,0.01,0.96,0.01,2,225
Doc226,0.95,0.02,0.02,0.02,0,226
Doc227,0.01,0.01,0.96,0.01,2,227
Doc228,0.02,0.02,0.94,0.02,2,228
Doc229,0.91,0.06,0.02,0.02,0,229
Doc230,0.02,0.02,0.95,0.02,2,230
Doc231,0.95,0.02,0.02,0.02,0,231
Doc232,0.95,0.02,0.02,0.02,0,232
Doc233,0.96,0.01,0.01,0.01,0,233
Doc234,0.02,0.01,0.95,0.01,2,234
Doc235,0.02,0.02,0.95,0.02,2,235
Doc236,0.95,0.02,0.02,0.02,0,236
Doc237,0.95,0.02,0.02,0.02,0,237
Doc238,0.02,0.02,0.95,0.02,2,238
Doc239,0.95,0.01,0.02,0.01,0,239
Doc240,0.95,0.02,0.02,0.02,0,240
Doc241,0.39,0.02,0.58,0.02,2,241
Doc242,0.94,0.02,0.02,0.02,0,242
Doc243,0.95,0.02,0.02,0.02,0,243
Doc244,0.02,0.01,0.96,0.01,2,244
Doc245,0.02,0.02,0.95,0.02,2,245
Doc246,0.95,0.02,0.02,0.02,0,246
Doc247,0.95,0.02,0.02,0.02,0,247
Doc248,0.95,0.02,0.02,0.02,0,248
Doc249,0.02,0.02,0.94,0.02,2,249
Doc250,0.95,0.02,0.02,0.02,0,250
Doc251,0.02,0.02,0.95,0.02,2,251
Doc252,0.95,0.02,0.02,0.02,0,252
Doc253,0.27,0.01,0.7,0.01,2,253
Doc254,0.96,0.01,0.01,0.01,0,254
Doc255,0.95,0.02,0.02,0.02,0,255
Doc256,0.9,0.06,0.02,0.02,0,256
Doc257,0.02,0.02,0.95,0.02,2,257
Doc258,0.02,0.02,0.95,0.02,2,258
Doc259,0.02,0.01,0.95,0.01,2,259
Doc260,0.96,0.01,0.02,0.01,0,260
Doc261,0.02,0.02,0.93,0.02,2,261
Doc262,0.96,0.01,0.02,0.01,0,262
Doc263,0.95,0.02,0.02,0.02,0,263
Doc264,0.02,0.01,0.95,0.01,2,264
Doc265,0.96,0.01,0.01,0.01,0,265
Doc266,0.95,0.02,0.02,0.02,0,266
Doc267,0.02,0.01,0.95,0.01,2,267
Doc268,0.95,0.02,0.02,0.02,0,268
Doc269,0.02,0.01,0.96,0.01,2,269
Doc270,0.95,0.02,0.02,0.02,0,270
Doc271,0.02,0.02,0.94,0.02,2,271
Doc272,0.95,0.02,0.02,0.02,0,272
Doc273,0.95,0.02,0.02,0.02,0,273
Doc274,0.02,0.02,0.95,0.02,2,274
Doc275,0.95,0.02,0.02,0.02,0,275
Doc276,0.96,0.01,0.01,0.01,0,276
Doc277,0.02,0.02,0.95,0.02,2,277
Doc278,0.96,0.01,0.01,0.01,0,278
Doc279,0.95,0.02,0.02,0.02,0,279
Doc280,0.01,0.01,0.96,0.01,2,280
Doc281,0.97,0.01,0.01,0.01,0,281
Doc282,0.96,0.01,0.02,0.01,0,282
Doc283,0.95,0.01,0.02,0.01,0,283
Doc284,0.95,0.01,0.02,0.01,0,284
Doc285,0.33,0.02,0.64,0.02,2,285
Doc286,0.96,0.01,0.01,0.01,0,286
Doc287,0.95,0.02,0.02,0.02,0,287
Doc288,0.96,0.01,0.02,0.01,0,288
Doc289,0.02,0.02,0.95,0.02,2,289
Doc290,0.95,0.02,0.02,0.02,0,290
Doc291,0.97,0.01,0.01,0.01,0,291
Doc292,0.01,0.01,0.96,0.01,2,292
Doc293,0.95,0.02,0.02,0.02,0,293
Doc294,0.94,0.02,0.02,0.02,0,294
Doc295,0.02,0.02,0.94,0.02,2,295
Doc296,0.34,0.01,0.63,0.01,2,296
Doc297,0.16,0.01,0.82,0.01,2,297
Doc298,0.96,0.01,0.02,0.01,0,298
Doc299,0.02,0.02,0.95,0.02,2,299
Doc300,0.51,0.02,0.46,0.02,0,300
Doc301,0.95,0.01,0.02,0.01,0,301
Doc302,0.33,0.01,0.64,0.01,2,302
Doc303,0.02,0.02,0.95,0.02,2,303
Doc304,0.59,0.01,0.38,0.01,0,304
Doc305,0.67,0.01,0.3,0.01,0,305
Doc306,0.95,0.02,0.02,0.02,0,306
Doc307,0.93,0.02,0.02,0.02,0,307
Doc308,0.02,0.01,0.95,0.01,2,308
Doc309,0.96,0.01,0.01,0.01,0,309
Doc310,0.96,0.01,0.02,0.01,0,310
Doc311,0.93,0.02,0.02,0.02,0,311
Doc312,0.95,0.02,0.02,0.02,0,312
Doc313,0.02,0.02,0.94,0.02,2,313
Doc314,0.53,0.02,0.44,0.02,0,314
Doc315,0.02,0.01,0.96,0.01,2,315
Doc316,0.19,0.02,0.78,0.02,2,316
Doc317,0.96,0.01,0.01,0.01,0,317
Doc318,0.95,0.02,0.02,0.02,0,318
Doc319,0.02,0.02,0.94,0.02,2,319
Doc320,0.89,0.07,0.02,0.02,0,320
Doc321,0.03,0.02,0.93,0.02,2,321
Doc322,0.96,0.01,0.01,0.01,0,322
Doc323,0.96,0.01,0.01,0.01,0,323
Doc324,0.95,0.02,0.02,0.02,0,324
Doc325,0.02,0.02,0.94,0.02,2,325
Doc326,0.02,0.02,0.93,0.02,2,326
Doc327,0.96,0.01,0.02,0.01,0,327
Doc328,0.02,0.01,0.95,0.01,2,328
Doc329,0.96,0.01,0.01,0.01,0,329
Doc330,0.02,0.01,0.96,0.01,2,330
Doc331,0.02,0.02,0.95,0.02,2,331
Doc332,0.96,0.01,0.01,0.01,0,332
Doc333,0.95,0.02,0.02,0.02,0,333
Doc334,0.96,0.01,0.01,0.01,0,334
Doc335,0.95,0.02,0.02,0.02,0,335
Doc336,0.96,0.01,0.02,0.01,0,336
Doc337,0.95,0.02,0.02,0.02,0,337
Doc338,0.95,0.02,0.02,0.02,0,338
Doc339,0.97,0.01,0.01,0.01,0,339
Doc340,0.95,0.01,0.02,0.01,0,340
Doc341,0.03,0.03,0.91,0.03,2,341
Doc342,0.96,0.01,0.02,0.01,0,342
Doc343,0.95,0.02,0.02,0.02,0,343
Doc344,0.02,0.01,0.95,0.01,2,344
Doc345,0.96,0.01,0.01,0.01,0,345
Doc346,0.01,0.01,0.96,0.01,2,346
Doc347,0.95,0.02,0.02,0.02,0,347
Doc348,0.96,0.01,0.01,0.01,0,348
Doc349,0.02,0.02,0.95,0.02,2,349
Doc350,0.96,0.01,0.01,0.01,0,350
Doc351,0.02,0.02,0.95,0.02,2,351
Doc352,0.02,0.02,0.95,0.02,2,352
Doc353,0.02,0.02,0.94,0.02,2,353
Doc354,0.02,0.01,0.96,0.01,2,354
Doc355,0.96,0.01,0.02,0.01,0,355
Doc356,0.21,0.01,0.77,0.01,2,356
Doc357,0.94,0.02,0.02,0.02,0,357
Doc358,0.02,0.02,0.93,0.02,2,358
Doc359,0.02,0.01,0.96,0.01,2,359
Doc360,0.02,0.02,0.94,0.02,2,360
Doc361,0.02,0.02,0.95,0.02,2,361
Doc362,0.95,0.02,0.02,0.02,0,362
Doc363,0.02,0.02,0.94,0.02,2,363
Doc364,0.02,0.02,0.94,0.02,2,364
Doc365,0.94,0.02,0.02,0.02,0,365
Doc366,0.02,0.02,0.95,0.02,2,366
Doc367,0.95,0.02,0.02,0.02,0,367
Doc368,0.02,0.01,0.96,0.01,2,368
Doc369,0.96,0.01,0.02,0.01,0,369
Doc370,0.96,0.01,0.01,0.01,0,370
Doc371,0.54,0.01,0.43,0.01,0,371
Doc372,0.96,0.01,0.01,0.01,0,372
Doc373,0.95,0.02,0.02,0.02,0,373
Doc374,0.1,0.01,0.87,0.01,2,374
Doc375,0.95,0.02,0.02,0.02,0,375
Doc376,0.95,0.01,0.02,0.01,0,376
Doc377,0.95,0.02,0.02,0.02,0,377
Doc378,0.96,0.01,0.01,0.01,0,378
Doc379,0.96,0.01,0.01,0.01,0,379
Doc380,0.95,0.02,0.02,0.02,0,380
Doc381,0.23,0.02,0.74,0.02,2,381
Doc382,0.38,0.01,0.6,0.01,2,382
Doc383,0.95,0.02,0.02,0.02,0,383
Doc384,0.95,0.02,0.02,0.02,0,384
Doc385,0.02,0.02,0.95,0.02,2,385
Doc386,0.95,0.02,0.02,0.02,0,386
Doc387,0.02,0.01,0.95,0.01,2,387
Doc388,0.95,0.02,0.02,0.02,0,388
Doc389,0.21,0.01,0.76,0.01,2,389
Doc390,0.02,0.02,0.95,0.02,2,390
Doc391,0.95,0.02,0.02,0.02,0,391
Doc392,0.01,0.01,0.96,0.01,2,392
Doc393,0.96,0.01,0.02,0.01,0,393
Doc394,0.02,0.02,0.95,0.02,2,394
Doc395,0.68,0.01,0.3,0.01,0,395
Doc396,0.95,0.02,0.02,0.02,0,396
Doc397,0.02,0.02,0.94,0.02,2,397
Doc398,0.95,0.02,0.02,0.02,0,398
Doc399,0.96,0.01,0.01,0.01,0,399
Doc400,0.02,0.02,0.95,0.02,2,400
Doc401,0.91,0.05,0.02,0.02,0,401
Doc402,0.88,0.08,0.02,0.02,0,402
Doc403,0.96,0.01,0.01,0.01,0,403
Doc404,0.96,0.01,0.02,0.01,0,404
Doc405,0.01,0.01,0.96,0.01,2,405
Doc406,0.02,0.02,0.94,0.02,2,406
Doc407,0.01,0.01,0.96,0.01,2,407
Doc408,0.95,0.02,0.02,0.02,0,408
Doc409,0.96,0.01,0.02,0.01,0,409
Doc410,0.95,0.02,0.02,0.02,0,410
Doc411,0.95,0.02,0.02,0.02,0,411
Doc412,0.31,0.01,0.66,0.01,2,412
Doc413,0.96,0.01,0.01,0.01,0,413
Doc414,0.96,0.01,0.01,0.01,0,414
Doc415,0.95,0.02,0.02,0.02,0,415
Doc416,0.96,0.01,0.01,0.01,0,416
Doc417,0.95,0.02,0.02,0.02,0,417
Doc418,0.02,0.01,0.96,0.01,2,418
Doc419,0.95,0.02,0.02,0.02,0,419
Doc420,0.94,0.02,0.02,0.02,0,420
Doc421,0.02,0.01,0.96,0.01,2,421
Doc422,0.02,0.02,0.94,0.02,2,422
Doc423,0.94,0.02,0.02,0.02,0,423
Doc424,0.95,0.02,0.02,0.02,0,424
Doc425,0.01,0.01,0.96,0.01,2,425
Doc426,0.03,0.02,0.93,0.02,2,426
Doc427,0.95,0.02,0.02,0.02,0,427
Doc428,0.95,0.02,0.02,0.02,0,428
Doc429,0.96,0.01,0.02,0.01,0,429
Doc430,0.01,0.01,0.96,0.01,2,430
Doc431,0.02,0.02,0.94,0.02,2,431
Doc432,0.95,0.02,0.02,0.02,0,432
Doc433,0.34,0.01,0.64,0.01,2,433
Doc434,0.95,0.02,0.02,0.02,0,434
Doc435,0.96,0.01,0.02,0.01,0,435
Doc436,0.02,0.02,0.95,0.02,2,436
Doc437,0.93,0.02,0.03,0.02,0,437
Doc438,0.27,0.01,0.7,0.01,2,438
Doc439,0.95,0.02,0.02,0.02,0,439
Doc440,0.95,0.02,0.02,0.02,0,440
Doc441,0.02,0.02,0.94,0.02,2,441
Doc442,0.02,0.02,0.93,0.02,2,442
Doc443,0.95,0.02,0.02,0.02,0,443
Doc444,0.2,0.02,0.76,0.02,2,444
Doc445,0.95,0.02,0.02,0.02,0,445
Doc446,0.94,0.02,0.02,0.02,0,446
Doc447,0.02,0.02,0.95,0.02,2,447
Doc448,0.02,0.02,0.94,0.02,2,448
Doc449,0.02,0.02,0.95,0.02,2,449
Doc450,0.02,0.01,0.95,0.01,2,450
Doc451,0.94,0.02,0.02,0.02,0,451
Doc452,0.02,0.02,0.95,0.02,2,452
Doc453,0.96,0.01,0.01,0.01,0,453
Doc454,0.96,0.01,0.01,0.01,0,454
Doc455,0.95,0.02,0.02,0.02,0,455
Doc456,0.02,0.02,0.95,0.02,2,456
Doc457,0.17,0.01,0.8,0.01,2,457
Doc458,0.96,0.01,0.02,0.01,0,458
Doc459,0.95,0.02,0.02,0.02,0,459
Doc460,0.96,0.01,0.02,0.01,0,460
Doc461,0.52,0.01,0.45,0.01,0,461
Doc462,0.02,0.02,0.95,0.02,2,462
Doc463,0.02,0.01,0.95,0.01,2,463
Doc464,0.02,0.01,0.95,0.01,2,464
Doc465,0.95,0.02,0.02,0.02,0,465
Doc466,0.95,0.01,0.02,0.01,0,466
Doc467,0.95,0.02,0.02,0.02,0,467
Doc468,0.22,0.01,0.75,0.01,2,468
Doc469,0.95,0.02,0.02,0.02,0,469
Doc470,0.02,0.01,0.96,0.01,2,470
Doc471,0.96,0.01,0.02,0.01,0,471
Doc472,0.95,0.02,0.02,0.02,0,472
Doc473,0.36,0.02,0.6,0.02,2,473
Doc474,0.96,0.01,0.01,0.01,0,474
Doc475,0.85,0.1,0.02,0.02,0,475
Doc476,0.94,0.02,0.02,0.02,0,476
Doc477,0.95,0.02,0.02,0.02,0,477
Doc478,0.02,0.01,0.96,0.01,2,478
Doc479,0.96,0.01,0.01,0.01,0,479
Doc480,0.96,0.01,0.01,0.01,0,480
Doc481,0.39,0.02,0.58,0.02,2,481
Doc482,0.24,0.01,0.73,0.01,2,482
Doc483,0.95,0.02,0.02,0.02,0,483
Doc484,0.02,0.01,0.96,0.01,2,484
Doc485,0.95,0.02,0.02,0.02,0,485
Doc486,0.96,0.01,0.01,0.01,0,486
Doc487,0.95,0.02,0.02,0.02,0,487
Doc488,0.96,0.01,0.01,0.01,0,488
Doc489,0.01,0.01,0.96,0.01,2,489
Doc490,0.02,0.01,0.95,0.01,2,490
Doc491,0.94,0.02,0.02,0.02,0,491
Doc492,0.31,0.02,0.66,0.02,2,492
Doc493,0.95,0.01,0.02,0.01,0,493
Doc494,0.95,0.02,0.02,0.02,0,494
Doc495,0.02,0.02,0.94,0.02,2,495
Doc496,0.02,0.02,0.95,0.02,2,496
Doc497,0.95,0.02,0.02,0.02,0,497
Doc498,0.94,0.02,0.02,0.02,0,498
Doc499,0.94,0.02,0.02,0.02,0,499
Doc500,0.02,0.02,0.94,0.02,2,500
Doc501,0.01,0.01,0.96,0.01,2,501
Doc502,0.02,0.02,0.95,0.02,2,502
Doc503,0.38,0.02,0.58,0.02,2,503
Doc504,0.02,0.01,0.96,0.01,2,504
Doc505,0.96,0.01,0.02,0.01,0,505
Doc506,0.94,0.02,0.02,0.02,0,506
Doc507,0.02,0.02,0.94,0.02,2,507
Doc508,0.94,0.02,0.02,0.02,0,508
Doc509,0.95,0.02,0.02,0.02,0,509
Doc510,0.95,0.02,0.02,0.02,0,510
Doc511,0.01,0.01,0.96,0.01,2,511
Doc512,0.95,0.01,0.02,0.01,0,512
Doc513,0.95,0.02,0.02,0.02,0,513
Doc514,0.01,0.01,0.96,0.01,2,514
Doc515,0.96,0.01,0.02,0.01,0,515
Doc516,0.94,0.02,0.02,0.02,0,516
Doc517,0.02,0.01,0.96,0.01,2,517
Doc518,0.94,0.02,0.02,0.02,0,518
Doc519,0.95,0.02,0.02,0.02,0,519
Doc520,0.02,0.01,0.95,0.01,2,520
Doc521,0.96,0.01,0.01,0.01,0,521
Doc522,0.96,0.01,0.02,0.01,0,522
Doc523,0.02,0.02,0.95,0.02,2,523
Doc524,0.95,0.02,0.02,0.02,0,524
Doc525,0.94,0.02,0.02,0.02,0,525
Doc526,0.02,0.02,0.95,0.02,2,526
Doc527,0.24,0.01,0.73,0.01,2,527
Doc528,0.96,0.01,0.01,0.01,0,528
Doc529,0.95,0.02,0.02,0.02,0,529
Doc530,0.95,0.02,0.02,0.02,0,530
Doc531,0.01,0.01,0.96,0.01,2,531
Doc532,0.96,0.01,0.01,0.01,0,532
Doc533,0.01,0.01,0.96,0.01,2,533
Doc534,0.95,0.01,0.02,0.01,0,534
Doc535,0.95,0.02,0.02,0.02,0,535
Doc536,0.15,0.02,0.82,0.02,2,536
Doc537,0.02,0.01,0.96,0.01,2,537
Doc538,0.02,0.02,0.95,0.02,2,538
Doc539,0.02,0.02,0.93,0.02,2,539
Doc540,0.96,0.01,0.02,0.01,0,540
Doc541,0.02,0.02,0.95,0.02,2,541
Doc542,0.95,0.02,0.02,0.02,0,542
Doc543,0.51,0.02,0.45,0.02,0,543
Doc544,0.95,0.01,0.02,0.01,0,544
Doc545,0.95,0.01,0.02,0.01,0,545
Doc546,0.95,0.02,0.02,0.02,0,546
Doc547,0.95,0.01,0.02,0.01,0,547
Doc548,0.02,0.01,0.95,0.01,2,548
Doc549,0.95,0.02,0.02,0.02,0,549
Doc550,0.96,0.01,0.02,0.01,0,550
Doc551,0.27,0.01,0.7,0.01,2,551
Doc552,0.02,0.01,0.96,0.01,2,552
Doc553,0.96,0.01,0.01,0.01,0,553
Doc554,0.95,0.02,0.02,0.02,0,554
Doc555,0.94,0.02,0.02,0.02,0,555
Doc556,0.36,0.02,0.6,0.02,2,556
Doc557,0.02,0.02,0.94,0.02,2,557
Doc558,0.95,0.02,0.02,0.02,0,558
Doc559,0.02,0.02,0.95,0.02,2,559
Doc560,0.89,0.07,0.02,0.02,0,560
Doc561,0.96,0.01,0.01,0.01,0,561
Doc562,0.02,0.01,0.95,0.01,2,562
Doc563,0.95,0.01,0.02,0.01,0,563
Doc564,0.95,0.02,0.02,0.02,0,564
Doc565,0.02,0.02,0.95,0.02,2,565
Doc566,0.96,0.01,0.01,0.01,0,566
Doc567,0.37,0.01,0.6,0.01,2,567
Doc568,0.96,0.01,0.01,0.01,0,568
Doc569,0.02,0.02,0.95,0.02,2,569
Doc570,0.95,0.02,0.02,0.02,0,570
Doc571,0.02,0.02,0.95,0.02,2,571
Doc572,0.94,0.02,0.02,0.02,0,572
Doc573,0.01,0.01,0.96,0.01,2,573
Doc574,0.95,0.02,0.02,0.02,0,574
Doc575,0.97,0.01,0.01,0.01,0,575
Doc576,0.92,0.05,0.02,0.02,0,576
Doc577,0.96,0.01,0.01,0.01,0,577
Doc578,0.27,0.02,0.69,0.02,2,578
Doc579,0.02,0.02,0.95,0.02,2,579
Doc580,0.02,0.02,0.95,0.02,2,580
Doc581,0.94,0.02,0.02,0.02,0,581
Doc582,0.94,0.02,0.02,0.02,0,582
Doc583,0.96,0.01,0.01,0.01,0,583
Doc584,0.96,0.01,0.01,0.01,0,584
Doc585,0.02,0.01,0.95,0.01,2,585
Doc586,0.02,0.02,0.95,0.02,2,586
Doc587,0.93,0.02,0.03,0.02,0,587
Doc588,0.14,0.02,0.83,0.02,2,588
Doc589,0.96,0.01,0.01,0.01,0,589
Doc590,0.89,0.08,0.02,0.02,0,590
Doc591,0.96,0.01,0.01,0.01,0,591
Doc592,0.96,0.01,0.02,0.01,0,592
Doc593,0.02,0.02,0.94,0.02,2,593
Doc594,0.95,0.02,0.02,0.02,0,594
Doc595,0.96,0.01,0.01,0.01,0,595
Doc596,0.95,0.02,0.02,0.02,0,596
Doc597,0.02,0.02,0.94,0.02,2,597
Doc598,0.96,0.01,0.01,0.01,0,598
Doc599,0.95,0.02,0.02,0.02,0,599
Doc600,0.95,0.02,0.02,0.02,0,600
Doc601,0.36,0.01,0.61,0.01,2,601
Doc602,0.96,0.01,0.02,0.01,0,602
Doc603,0.96,0.01,0.01,0.01,0,603
Doc604,0.95,0.02,0.02,0.02,0,604
Doc605,0.96,0.01,0.01,0.01,0,605
Doc606,0.96,0.01,0.01,0.01,0,606
Doc607,0.95,0.02,0.02,0.02,0,607
Doc608,0.63,0.02,0.34,0.02,0,608
Doc609,0.46,0.02,0.51,0.02,2,609
Doc610,0.2,0.02,0.76,0.02,2,610
Doc611,0.96,0.01,0.02,0.01,0,611
Doc612,0.96,0.01,0.02,0.01,0,612
Doc613,0.96,0.01,0.01,0.01,0,613
Doc614,0.02,0.01,0.96,0.01,2,614
Doc615,0.95,0.02,0.02,0.02,0,615
Doc616,0.95,0.02,0.02,0.02,0,616
Doc617,0.94,0.02,0.02,0.02,0,617
Doc618,0.96,0.01,0.01,0.01,0,618
Doc619,0.96,0.01,0.01,0.01,0,619
Doc620,0.95,0.02,0.02,0.02,0,620
Doc621,0.01,0.01,0.96,0.01,2,621
Doc622,0.96,0.01,0.01,0.01,0,622
Doc623,0.96,0.01,0.01,0.01,0,623
Doc624,0.96,0.01,0.01,0.01,0,624
Doc625,0.02,0.02,0.94,0.02,2,625
Doc626,0.96,0.01,0.02,0.01,0,626
Doc627,0.02,0.02,0.94,0.02,2,627
Doc628,0.88,0.08,0.02,0.02,0,628
Doc629,0.96,0.01,0.01,0.01,0,629
Doc630,0.02,0.02,0.93,0.02,2,630
Doc631,0.02,0.02,0.93,0.02,2,631
Doc632,0.02,0.02,0.95,0.02,2,632
Doc633,0.96,0.01,0.01,0.01,0,633
Doc634,0.95,0.02,0.02,0.02,0,634
Doc635,0.95,0.02,0.02,0.02,0,635
Doc636,0.95,0.02,0.02,0.02,0,636
Doc637,0.19,0.01,0.78,0.01,2,637
Doc638,0.96,0.01,0.01,0.01,0,638
Doc639,0.96,0.01,0.02,0.01,0,639
Doc640,0.02,0.01,0.96,0.01,2,640
Doc641,0.95,0.02,0.02,0.02,0,641
Doc642,0.95,0.02,0.02,0.02,0,642
Doc643,0.02,0.01,0.95,0.01,2,643
Doc644,0.9,0.05,0.02,0.02,0,644
Doc645,0.02,0.01,0.95,0.01,2,645
Doc646,0.02,0.02,0.95,0.02,2,646
Doc647,0.02,0.02,0.95,0.02,2,647
Doc648,0.32,0.01,0.66,0.01,2,648
Doc649,0.02,0.02,0.95,0.02,2,649
Doc650,0.02,0.01,0.96,0.01,2,650
Doc651,0.94,0.02,0.02,0.02,0,651
Doc652,0.21,0.02,0.76,0.02,2,652
Doc653,0.02,0.02,0.95,0.02,2,653
Doc654,0.96,0.01,0.01,0.01,0,654
Doc655,0.95,0.01,0.02,0.01,0,655
Doc656,0.02,0.01,0.96,0.01,2,656
Doc657,0.95,0.01,0.02,0.01,0,657
Doc658,0.94,0.02,0.02,0.02,0,658
Doc659,0.85,0.11,0.02,0.02,0,659
Doc660,0.02,0.02,0.95,0.02,2,660
Doc661,0.96,0.01,0.01,0.01,0,661
Doc662,0.01,0.01,0.97,0.01,2,662
Doc663,0.95,0.02,0.02,0.02,0,663
Doc664,0.44,0.01,0.53,0.01,2,664
Doc665,0.94,0.02,0.02,0.02,0,665
Doc666,0.95,0.02,0.02,0.02,0,666
Doc667,0.95,0.01,0.02,0.01,0,667
Doc668,0.96,0.01,0.01,0.01,0,668
Doc669,0.95,0.02,0.02,0.02,0,669
Doc670,0.02,0.02,0.95,0.02,2,670
Doc671,0.95,0.02,0.02,0.02,0,671
Doc672,0.31,0.01,0.66,0.01,2,672
Doc673,0.97,0.01,0.01,0.01,0,673
Doc674,0.02,0.02,0.94,0.02,2,674
Doc675,0.95,0.02,0.02,0.02,0,675
Doc676,0.96,0.01,0.02,0.01,0,676
Doc677,0.29,0.01,0.69,0.01,2,677
Doc678,0.02,0.02,0.95,0.02,2,678
Doc679,0.94,0.02,0.02,0.02,0,679
Doc680,0.02,0.02,0.94,0.02,2,680
Doc681,0.29,0.01,0.68,0.01,2,681
Doc682,0.09,0.01,0.88,0.01,2,682
Doc683,0.96,0.01,0.01,0.01,0,683
Doc684,0.95,0.02,0.02,0.02,0,684
Doc685,0.94,0.02,0.02,0.02,0,685
Doc686,0.95,0.02,0.02,0.02,0,686
Doc687,0.96,0.01,0.01,0.01,0,687
Doc688,0.96,0.01,0.01,0.01,0,688
Doc689,0.95,0.01,0.02,0.01,0,689
Doc690,0.94,0.02,0.02,0.02,0,690
Doc691,0.02,0.02,0.95,0.02,2,691
Doc692,0.02,0.01,0.95,0.01,2,692
Doc693,0.02,0.01,0.96,0.01,2,693
Doc694,0.46,0.02,0.51,0.02,2,694
Doc695,0.02,0.02,0.95,0.02,2,695
Doc696,0.01,0.01,0.96,0.01,2,696
Doc697,0.33,0.02,0.64,0.02,2,697
Doc698,0.95,0.02,0.02,0.02,0,698
Doc699,0.02,0.02,0.95,0.02,2,699
Doc700,0.96,0.01,0.02,0.01,0,700
Doc701,0.96,0.01,0.01,0.01,0,701
Doc702,0.95,0.02,0.02,0.02,0,702
Doc703,0.02,0.01,0.95,0.01,2,703
Doc704,0.89,0.07,0.02,0.02,0,704
Doc705,0.95,0.02,0.02,0.02,0,705
Doc706,0.95,0.02,0.02,0.02,0,706
Doc707,0.94,0.02,0.02,0.02,0,707
Doc708,0.96,0.01,0.01,0.01,0,708
Doc709,0.95,0.02,0.02,0.02,0,709
Doc710,0.94,0.02,0.02,0.02,0,710
Doc711,0.95,0.02,0.02,0.02,0,711
Doc712,0.95,0.02,0.02,0.02,0,712
Doc713,0.02,0.01,0.95,0.01,2,713
Doc714,0.02,0.02,0.95,0.02,2,714
Doc715,0.03,0.03,0.92,0.03,2,715
Doc716,0.02,0.02,0.95,0.02,2,716
Doc717,0.15,0.01,0.82,0.01,2,717
Doc718,0.02,0.02,0.95,0.02,2,718
Doc719,0.96,0.01,0.01,0.01,0,719
Doc720,0.95,0.02,0.02,0.02,0,720
Doc721,0.95,0.02,0.02,0.02,0,721
Doc722,0.94,0.02,0.02,0.02,0,722
Doc723,0.92,0.02,0.03,0.02,0,723
Doc724,0.96,0.01,0.01,0.01,0,724
Doc725,0.54,0.01,0.43,0.01,0,725
Doc726,0.01,0.01,0.96,0.01,2,726
Doc727,0.95,0.02,0.02,0.02,0,727
Doc728,0.94,0.02,0.02,0.02,0,728
Doc729,0.02,0.01,0.96,0.01,2,729
Doc730,0.9,0.06,0.02,0.02,0,730
Doc731,0.62,0.01,0.35,0.01,0,731
Doc732,0.02,0.01,0.95,0.01,2,732
Doc733,0.95,0.02,0.02,0.02,0,733
Doc734,0.95,0.02,0.02,0.02,0,734
Doc735,0.02,0.02,0.95,0.02,2,735
Doc736,0.01,0.01,0.96,0.01,2,736
Doc737,0.95,0.02,0.02,0.02,0,737
Doc738,0.02,0.01,0.95,0.01,2,738
Doc739,0.02,0.02,0.94,0.02,2,739
Doc740,0.33,0.02,0.63,0.02,2,740
Doc741,0.03,0.03,0.92,0.03,2,741
Doc742,0.02,0.02,0.95,0.02,2,742
Doc743,0.95,0.02,0.02,0.02,0,743
Doc744,0.02,0.01,0.95,0.01,2,744
Doc745,0.95,0.02,0.02,0.02,0,745
Doc746,0.95,0.02,0.02,0.02,0,746
Doc747,0.96,0.01,0.02,0.01,0,747
Doc748,0.95,0.02,0.02,0.02,0,748
Doc749,0.96,0.01,0.01,0.01,0,749
Doc750,0.02,0.02,0.95,0.02,2,750
Doc751,0.95,0.02,0.02,0.02,0,751
Doc752,0.96,0.01,0.01,0.01,0,752
Doc753,0.21,0.02,0.76,0.02,2,753
Doc754,0.96,0.01,0.02,0.01,0,754
Doc755,0.95,0.02,0.02,0.02,0,755
Doc756,0.95,0.02,0.02,0.02,0,756
Doc757,0.94,0.02,0.02,0.02,0,757
Doc758,0.96,0.01,0.01,0.01,0,758
Doc759,0.44,0.01,0.54,0.01,2,759
Doc760,0.95,0.02,0.02,0.02,0,760
Doc761,0.87,0.09,0.02,0.02,0,761
Doc762,0.02,0.02,0.95,0.02,2,762
Doc763,0.93,0.02,0.02,0.02,0,763
Doc764,0.25,0.01,0.72,0.01,2,764
Doc765,0.44,0.01,0.53,0.01,2,765
Doc766,0.96,0.01,0.02,0.01,0,766
Doc767,0.96,0.01,0.01,0.01,0,767
Doc768,0.96,0.01,0.01,0.01,0,768
Doc769,0.02,0.02,0.95,0.02,2,769
Doc770,0.9,0.05,0.02,0.02,0,770
Doc771,0.95,0.02,0.02,0.02,0,771
Doc772,0.96,0.01,0.01,0.01,0,772
Doc773,0.01,0.01,0.96,0.01,2,773
Doc774,0.95,0.02,0.02,0.02,0,774
Doc775,0.01,0.01,0.97,0.01,2,775
Doc776,0.95,0.02,0.02,0.02,0,776
Doc777,0.96,0.01,0.01,0.01,0,777
Doc778,0.02,0.01,0.96,0.01,2,778
Doc779,0.96,0.01,0.01,0.01,0,779
Doc780,0.02,0.01,0.96,0.01,2,780
Doc781,0.96,0.01,0.01,0.01,0,781
Doc782,0.02,0.02,0.94,0.02,2,782
Doc783,0.02,0.02,0.93,0.02,2,783
Doc784,0.95,0.02,0.02,0.02,0,784
Doc785,0.92,0.04,0.02,0.02,0,785
Doc786,0.15,0.01,0.83,0.01,2,786
Doc787,0.16,0.01,0.81,0.01,2,787
Doc788,0.95,0.02,0.02,0.02,0,788
Doc789,0.02,0.01,0.95,0.01,2,789
Doc790,0.95,0.02,0.02,0.02,0,790
Doc791,0.01,0.01,0.96,0.01,2,791
Doc792,0.02,0.02,0.94,0.02,2,792
Doc793,0.02,0.02,0.95,0.02,2,793
Doc794,0.01,0.01,0.96,0.01,2,794
Doc795,0.02,0.01,0.95,0.01,2,795
Doc796,0.96,0.01,0.01,0.01,0,796
Doc797,0.01,0.01,0.96,0.01,2,797
Doc798,0.01,0.01,0.97,0.01,2,798
Doc799,0.96,0.01,0.01,0.01,0,799
Doc800,0.9,0.03,0.04,0.03,0,800
Doc801,0.95,0.02,0.02,0.02,0,801
Doc802,0.96,0.01,0.01,0.01,0,802
Doc803,0.96,0.01,0.02,0.01,0,803
Doc804,0.02,0.01,0.96,0.01,2,804
Doc805,0.94,0.02,0.02,0.02,0,805
Doc806,0.96,0.01,0.01,0.01,0,806
Doc807,0.96,0.01,0.02,0.01,0,807
Doc808,0.02,0.02,0.95,0.02,2,808
Doc809,0.95,0.02,0.02,0.02,0,809
Doc810,0.01,0.01,0.96,0.01,2,810
Doc811,0.96,0.01,0.02,0.01,0,811
Doc812,0.02,0.01,0.96,0.01,2,812
Doc813,0.94,0.02,0.02,0.02,0,813
Doc814,0.96,0.01,0.01,0.01,0,814
Doc815,0.38,0.02,0.58,0.02,2,815
Doc816,0.96,0.01,0.02,0.01,0,816
Doc817,0.02,0.02,0.95,0.02,2,817
Doc818,0.96,0.01,0.02,0.01,0,818
Doc819,0.02,0.02,0.95,0.02,2,819
Doc820,0.01,0.01,0.96,0.01,2,820
Doc821,0.02,0.02,0.94,0.02,2,821
Doc822,0.02,0.01,0.96,0.01,2,822
Doc823,0.02,0.02,0.95,0.02,2,823
Doc824,0.01,0.01,0.96,0.01,2,824
Doc825,0.96,0.01,0.02,0.01,0,825
Doc826,0.94,0.02,0.02,0.02,0,826
Doc827,0.95,0.02,0.02,0.02,0,827
Doc828,0.95,0.01,0.02,0.01,0,828
Doc829,0.92,0.04,0.02,0.02,0,829
Doc830,0.02,0.01,0.96,0.01,2,830
Doc831,0.96,0.01,0.01,0.01,0,831
Doc832,0.37,0.01,0.61,0.01,2,832
Doc833,0.96,0.01,0.02,0.01,0,833
Doc834,0.95,0.02,0.02,0.02,0,834
Doc835,0.03,0.02,0.92,0.02,2,835
Doc836,0.96,0.01,0.01,0.01,0,836
Doc837,0.02,0.02,0.95,0.02,2,837
Doc838,0.93,0.02,0.02,0.02,0,838
Doc839,0.94,0.02,0.02,0.02,0,839
Doc840,0.95,0.02,0.02,0.02,0,840
Doc841,0.01,0.01,0.96,0.01,2,841
Doc842,0.96,0.01,0.01,0.01,0,842
Doc843,0.02,0.02,0.93,0.02,2,843
Doc844,0.96,0.01,0.01,0.01,0,844
Doc845,0.96,0.01,0.01,0.01,0,845
Doc846,0.95,0.02,0.02,0.02,0,846
Doc847,0.95,0.02,0.02,0.02,0,847
Doc848,0.95,0.02,0.02,0.02,0,848
Doc849,0.96,0.01,0.01,0.01,0,849
Doc850,0.02,0.01,0.95,0.01,2,850
Doc851,0.52,0.01,0.45,0.01,0,851
Doc852,0.96,0.01,0.01,0.01,0,852
Doc853,0.95,0.02,0.02,0.02,0,853
Doc854,0.02,0.01,0.95,0.01,2,854
Doc855,0.02,0.01,0.96,0.01,2,855
Doc856,0.02,0.01,0.95,0.01,2,856
Doc857,0.95,0.02,0.02,0.02,0,857
Doc858,0.94,0.02,0.02,0.02,0,858
Doc859,0.95,0.02,0.02,0.02,0,859
Doc860,0.94,0.02,0.02,0.02,0,860
Doc861,0.95,0.02,0.02,0.02,0,861
Doc862,0.95,0.02,0.02,0.02,0,862
Doc863,0.94,0.02,0.02,0.02,0,863
Doc864,0.95,0.02,0.02,0.02,0,864
Doc865,0.35,0.01,0.63,0.01,2,865
Doc866,0.02,0.02,0.95,0.02,2,866
Doc867,0.01,0.01,0.96,0.01,2,867
Doc868,0.95,0.01,0.02,0.01,0,868
Doc869,0.96,0.01,0.01,0.01,0,869
Doc870,0.19,0.02,0.78,0.02,2,870
Doc871,0.93,0.02,0.02,0.02,0,871
Doc872,0.02,0.02,0.95,0.02,2,872
Doc873,0.95,0.02,0.02,0.01,0,873
Doc874,0.01,0.01,0.96,0.01,2,874
Doc875,0.02,0.02,0.95,0.02,2,875
Doc876,0.02,0.02,0.95,0.02,2,876
Doc877,0.96,0.01,0.01,0.01,0,877
Doc878,0.02,0.02,0.93,0.02,2,878
Doc879,0.95,0.01,0.02,0.01,0,879
Doc880,0.02,0.01,0.95,0.01,2,880
Doc881,0.43,0.01,0.55,0.01,2,881
Doc882,0.19,0.02,0.78,0.02,2,882
Doc883,0.34,0.02,0.62,0.02,2,883
Doc884,0.96,0.01,0.01,0.01,0,884
Doc885,0.94,0.02,0.02,0.02,0,885
Doc886,0.02,0.02,0.93,0.02,2,886
Doc887,0.02,0.02,0.94,0.02,2,887
Doc888,0.95,0.02,0.02,0.02,0,888
Doc889,0.97,0.01,0.01,0.01,0,889
Doc890,0.96,0.01,0.01,0.01,0,890
Doc891,0.01,0.01,0.96,0.01,2,891
Doc892,0.91,0.06,0.02,0.02,0,892
Doc893,0.95,0.02,0.02,0.02,0,893
Doc894,0.02,0.02,0.95,0.02,2,894
Doc895,0.95,0.02,0.02,0.02,0,895
Doc896,0.95,0.02,0.02,0.02,0,896
Doc897,0.34,0.02,0.63,0.02,2,897
Doc898,0.02,0.01,0.95,0.01,2,898
Doc899,0.95,0.02,0.02,0.02,0,899
Doc900,0.01,0.01,0.96,0.01,2,900
Doc901,0.95,0.01,0.02,0.01,0,901
Doc902,0.96,0.01,0.01,0.01,0,902
Doc903,0.02,0.02,0.95,0.02,2,903
Doc904,0.02,0.01,0.95,0.01,2,904
Doc905,0.95,0.02,0.02,0.02,0,905
Doc906,0.02,0.02,0.94,0.02,2,906
Doc907,0.01,0.01,0.96,0.01,2,907
Doc908,0.95,0.02,0.02,0.02,0,908
Doc909,0.41,0.02,0.55,0.02,2,909
Doc910,0.95,0.02,0.02,0.02,0,910
Doc911,0.96,0.02,0.01,0.01,0,911
Doc912,0.87,0.08,0.03,0.02,0,912
Doc913,0.96,0.01,0.01,0.01,0,913
Doc914,0.96,0.01,0.01,0.01,0,914
Doc915,0.95,0.02,0.02,0.02,0,915
Doc916,0.95,0.02,0.02,0.02,0,916
Doc917,0.02,0.02,0.94,0.02,2,917
Doc918,0.02,0.02,0.95,0.02,2,918
Doc919,0.95,0.02,0.02,0.02,0,919
Doc920,0.96,0.01,0.01,0.01,0,920
Doc921,0.02,0.01,0.96,0.01,2,921
Doc922,0.95,0.02,0.02,0.02,0,922
Doc923,0.66,0.02,0.3,0.02,0,923
Doc924,0.95,0.02,0.02,0.02,0,924
Doc925,0.02,0.02,0.94,0.02,2,925
Doc926,0.95,0.02,0.02,0.02,0,926
Doc927,0.96,0.01,0.01,0.01,0,927
Doc928,0.02,0.01,0.96,0.01,2,928
Doc929,0.95,0.02,0.02,0.02,0,929
Doc930,0.96,0.01,0.01,0.01,0,930
Doc931,0.02,0.01,0.95,0.01,2,931
Doc932,0.95,0.02,0.02,0.02,0,932
Doc933,0.44,0.01,0.53,0.01,2,933
Doc934,0.96,0.01,0.01,0.01,0,934
Doc935,0.95,0.02,0.02,0.02,0,935
Doc936,0.02,0.02,0.95,0.02,2,936
Doc937,0.96,0.01,0.01,0.01,0,937
Doc938,0.94,0.02,0.02,0.02,0,938
Doc939,0.96,0.01,0.01,0.01,0,939
Doc940,0.95,0.02,0.02,0.02,0,940
Doc941,0.95,0.02,0.02,0.02,0,941
Doc942,0.02,0.02,0.95,0.02,2,942
Doc943,0.96,0.01,0.01,0.01,0,943
Doc944,0.02,0.01,0.96,0.01,2,944
Doc945,0.5,0.01,0.02,0.47,0,945
Doc946,0.02,0.01,0.95,0.01,2,946
Doc947,0.96,0.01,0.02,0.01,0,947
Doc948,0.96,0.01,0.01,0.01,0,948
Doc949,0.02,0.01,0.96,0.01,2,949
Doc950,0.94,0.02,0.02,0.02,0,950
Doc951,0.36,0.02,0.6,0.02,2,951
Doc952,0.02,0.02,0.94,0.02,2,952
Doc953,0.02,0.01,0.96,0.01,2,953
Doc954,0.02,0.01,0.96,0.01,2,954
Doc955,0.94,0.02,0.02,0.02,0,955
Doc956,0.95,0.02,0.02,0.02,0,956
Doc957,0.49,0.01,0.48,0.01,0,957
Doc958,0.96,0.01,0.01,0.01,0,958
Doc959,0.96,0.01,0.01,0.01,0,959
Doc960,0.02,0.02,0.95,0.02,2,960
Doc961,0.02,0.01,0.96,0.01,2,961
Doc962,0.92,0.04,0.02,0.02,0,962
Doc963,0.95,0.02,0.02,0.02,0,963
Doc964,0.95,0.02,0.02,0.02,0,964
Doc965,0.95,0.02,0.02,0.02,0,965
Doc966,0.02,0.01,0.96,0.01,2,966
Doc967,0.01,0.01,0.96,0.01,2,967
Doc968,0.02,0.02,0.94,0.02,2,968
Doc969,0.02,0.02,0.95,0.02,2,969
Doc970,0.96,0.01,0.01,0.01,0,970
Doc971,0.53,0.01,0.44,0.01,0,971
Doc972,0.02,0.02,0.95,0.02,2,972
Doc973,0.02,0.02,0.95,0.02,2,973
Doc974,0.95,0.01,0.02,0.01,0,974
Doc975,0.96,0.01,0.01,0.01,0,975
Doc976,0.02,0.02,0.94,0.02,2,976
Doc977,0.95,0.02,0.02,0.02,0,977
Doc978,0.02,0.01,0.96,0.01,2,978
Doc979,0.95,0.02,0.02,0.02,0,979
Doc980,0.96,0.01,0.01,0.01,0,980
Doc981,0.95,0.02,0.02,0.02,0,981
Doc982,0.63,0.01,0.34,0.01,0,982
Doc983,0.57,0.01,0.41,0.01,0,983
Doc984,0.01,0.01,0.96,0.01,2,984
Doc985,0.02,0.02,0.95,0.02,2,985
Doc986,0.96,0.01,0.01,0.01,0,986
Doc987,0.07,0.02,0.9,0.02,2,987
Doc988,0.96,0.01,0.01,0.01,0,988
Doc989,0.94,0.02,0.02,0.02,0,989
Doc990,0.96,0.01,0.01,0.01,0,990
Doc991,0.96,0.01,0.02,0.01,0,991
Doc992,0.02,0.02,0.95,0.02,2,992
Doc993,0.02,0.02,0.95,0.02,2,993
Doc994,0.96,0.01,0.01,0.01,0,994
Doc995,0.96,0.01,0.01,0.01,0,995
Doc996,0.95,0.02,0.02,0.02,0,996
Doc997,0.01,0.01,0.96,0.01,2,997
Doc998,0.92,0.03,0.03,0.03,0,998
Doc999,0.95,0.02,0.02,0.02,0,999
Doc1000,0.48,0.01,0.49,0.01,2,1000
Doc1001,0.95,0.02,0.02,0.02,0,1001
Doc1002,0.96,0.01,0.01,0.01,0,1002
Doc1003,0.96,0.01,0.02,0.01,0,1003
Doc1004,0.96,0.01,0.01,0.01,0,1004
Doc1005,0.02,0.01,0.95,0.01,2,1005
Doc1006,0.95,0.02,0.02,0.02,0,1006
Doc1007,0.37,0.01,0.6,0.01,2,1007
Doc1008,0.02,0.01,0.96,0.01,2,1008
Doc1009,0.95,0.02,0.02,0.02,0,1009
Doc1010,0.96,0.01,0.02,0.01,0,1010
Doc1011,0.95,0.02,0.02,0.02,0,1011
Doc1012,0.94,0.02,0.02,0.02,0,1012
Doc1013,0.96,0.01,0.01,0.01,0,1013
Doc1014,0.94,0.02,0.02,0.02,0,1014
Doc1015,0.95,0.02,0.02,0.02,0,1015
Doc1016,0.96,0.01,0.01,0.01,0,1016
Doc1017,0.95,0.02,0.02,0.02,0,1017
Doc1018,0.96,0.01,0.01,0.01,0,1018
Doc1019,0.02,0.01,0.96,0.01,2,1019
Doc1020,0.1,0.02,0.87,0.02,2,1020
Doc1021,0.31,0.01,0.67,0.01,2,1021
Doc1022,0.02,0.02,0.94,0.02,2,1022
Doc1023,0.93,0.02,0.02,0.02,0,1023
Doc1024,0.95,0.02,0.02,0.02,0,1024
Doc1025,0.02,0.01,0.96,0.01,2,1025
Doc1026,0.96,0.01,0.02,0.01,0,1026
Doc1027,0.96,0.01,0.01,0.01,0,1027
Doc1028,0.96,0.01,0.01,0.01,0,1028
Doc1029,0.02,0.02,0.95,0.02,2,1029
Doc1030,0.95,0.02,0.02,0.02,0,1030
Doc1031,0.94,0.02,0.02,0.02,0,1031
Doc1032,0.94,0.02,0.02,0.02,0,1032
Doc1033,0.95,0.02,0.02,0.02,0,1033
Doc1034,0.97,0.01,0.01,0.01,0,1034
Doc1035,0.95,0.02,0.02,0.02,0,1035
Doc1036,0.95,0.01,0.02,0.01,0,1036
Doc1037,0.95,0.02,0.02,0.02,0,1037
Doc1038,0.02,0.02,0.94,0.02,2,1038
Doc1039,0.36,0.01,0.61,0.01,2,1039
Doc1040,0.88,0.08,0.02,0.02,0,1040
Doc1041,0.95,0.02,0.02,0.02,0,1041
Doc1042,0.95,0.02,0.02,0.02,0,1042
Doc1043,0.02,0.01,0.96,0.01,2,1043
Doc1044,0.94,0.02,0.02,0.02,0,1044
Doc1045,0.95,0.02,0.02,0.02,0,1045
Doc1046,0.02,0.02,0.95,0.02,2,1046
Doc1047,0.95,0.02,0.02,0.02,0,1047
Doc1048,0.02,0.02,0.94,0.02,2,1048
Doc1049,0.02,0.02,0.95,0.02,2,1049
Doc1050,0.96,0.01,0.01,0.01,0,1050
Doc1051,0.96,0.01,0.01,0.01,0,1051
Doc1052,0.01,0.01,0.97,0.01,2,1052
Doc1053,0.95,0.02,0.02,0.02,0,1053
Doc1054,0.32,0.02,0.65,0.02,2,1054
Doc1055,0.24,0.02,0.72,0.02,2,1055
Doc1056,0.94,0.02,0.02,0.02,0,1056
Doc1057,0.94,0.02,0.02,0.02,0,1057
Doc1058,0.95,0.01,0.02,0.01,0,1058
Doc1059,0.21,0.02,0.75,0.02,2,1059
Doc1060,0.94,0.02,0.02,0.02,0,1060
Doc1061,0.95,0.02,0.02,0.02,0,1061
Doc1062,0.34,0.02,0.62,0.02,2,1062
Doc1063,0.95,0.02,0.02,0.02,0,1063
Doc1064,0.02,0.02,0.94,0.02,2,1064
Doc1065,0.02,0.01,0.95,0.01,2,1065
Doc1066,0.02,0.02,0.95,0.02,2,1066
Doc1067,0.95,0.01,0.02,0.01,0,1067
Doc1068,0.96,0.01,0.01,0.01,0,1068
Doc1069,0.94,0.02,0.02,0.02,0,1069
Doc1070,0.96,0.01,0.01,0.01,0,1070
Doc1071,0.96,0.01,0.01,0.01,0,1071
Doc1072,0.01,0.01,0.96,0.01,2,1072
Doc1073,0.96,0.01,0.02,0.01,0,1073
Doc1074,0.96,0.01,0.01,0.01,0,1074
Doc1075,0.43,0.02,0.54,0.02,2,1075
Doc1076,0.95,0.02,0.02,0.02,0,1076
Doc1077,0.02,0.01,0.95,0.01,2,1077
Doc1078,0.94,0.02,0.02,0.02,0,1078
Doc1079,0.02,0.02,0.95,0.02,2,1079
Doc1080,0.95,0.02,0.02,0.02,0,1080
Doc1081,0.01,0.01,0.96,0.01,2,1081
Doc1082,0.96,0.01,0.01,0.01,0,1082
Doc1083,0.95,0.02,0.02,0.02,0,1083
Doc1084,0.96,0.01,0.01,0.01,0,1084
Doc1085,0.3,0.02,0.66,0.02,2,1085
Doc1086,0.01,0.01,0.96,0.01,2,1086
Doc1087,0.02,0.01,0.96,0.01,2,1087
Doc1088,0.95,0.01,0.02,0.01,0,1088
Doc1089,0.56,0.01,0.41,0.01,0,1089
Doc1090,0.27,0.01,0.7,0.01,2,1090
Doc1091,0.96,0.01,0.01,0.01,0,1091
Doc1092,0.42,0.01,0.56,0.01,2,1092
Doc1093,0.01,0.01,0.96,0.01,2,1093
Doc1094,0.96,0.01,0.01,0.01,0,1094
Doc1095,0.36,0.02,0.61,0.02,2,1095
Doc1096,0.02,0.01,0.96,0.01,2,1096
Doc1097,0.95,0.02,0.02,0.02,0,1097
Doc1098,0.95,0.02,0.02,0.02,0,1098
Doc1099,0.02,0.02,0.95,0.02,2,1099
Doc1100,0.01,0.01,0.96,0.01,2,1100
Doc1101,0.02,0.01,0.96,0.01,2,1101
Doc1102,0.96,0.01,0.01,0.01,0,1102
Doc1103,0.24,0.02,0.72,0.02,2,1103
Doc1104,0.02,0.01,0.96,0.01,2,1104
Doc1105,0.02,0.02,0.94,0.02,2,1105
Doc1106,0.96,0.01,0.01,0.01,0,1106
Doc1107,0.32,0.02,0.64,0.02,2,1107
Doc1108,0.95,0.02,0.02,0.02,0,1108
Doc1109,0.02,0.02,0.94,0.02,2,1109
Doc1110,0.95,0.02,0.02,0.02,0,1110
Doc1111,0.96,0.01,0.02,0.01,0,1111
Doc1112,0.01,0.01,0.96,0.01,2,1112
Doc1113,0.51,0.01,0.46,0.01,0,1113
Doc1114,0.02,0.02,0.95,0.02,2,1114
Doc1115,0.96,0.01,0.01,0.01,0,1115
Doc1116,0.96,0.01,0.01,0.01,0,1116
Doc1117,0.02,0.01,0.96,0.01,2,1117
Doc1118,0.96,0.01,0.01,0.01,0,1118
Doc1119,0.94,0.02,0.02,0.02,0,1119
Doc1120,0.96,0.01,0.01,0.01,0,1120
Doc1121,0.95,0.02,0.02,0.02,0,1121
Doc1122,0.95,0.02,0.02,0.02,0,1122
Doc1123,0.96,0.01,0.02,0.01,0,1123
Doc1124,0.95,0.01,0.02,0.01,0,1124
Doc1125,0.02,0.02,0.95,0.02,2,1125
Doc1126,0.95,0.02,0.02,0.02,0,1126
Doc1127,0.02,0.01,0.96,0.01,2,1127
Doc1128,0.91,0.06,0.02,0.02,0,1128
Doc1129,0.96,0.01,0.01,0.01,0,1129
Doc1130,0.95,0.02,0.02,0.02,0,1130
Doc1131,0.96,0.01,0.01,0.01,0,1131
Doc1132,0.95,0.02,0.02,0.02,0,1132
Doc1133,0.95,0.02,0.02,0.02,0,1133
Doc1134,0.95,0.01,0.02,0.01,0,1134
Doc1135,0.01,0.01,0.96,0.01,2,1135
Doc1136,0.02,0.02,0.94,0.02,2,1136
Doc1137,0.95,0.02,0.02,0.02,0,1137
Doc1138,0.95,0.01,0.02,0.01,0,1138
Doc1139,0.94,0.02,0.02,0.02,0,1139
Doc1140,0.95,0.01,0.02,0.01,0,1140
Doc1141,0.95,0.02,0.02,0.02,0,1141
Doc1142,0.96,0.01,0.01,0.01,0,1142
Doc1143,0.02,0.02,0.95,0.02,2,1143
Doc1144,0.94,0.02,0.02,0.02,0,1144
Doc1145,0.96,0.01,0.01,0.01,0,1145
Doc1146,0.02,0.01,0.95,0.01,2,1146
Doc1147,0.02,0.02,0.94,0.02,2,1147
Doc1148,0.96,0.01,0.01,0.01,0,1148
Doc1149,0.95,0.02,0.02,0.02,0,1149
Doc1150,0.02,0.02,0.95,0.02,2,1150
Doc1151,0.95,0.02,0.02,0.02,0,1152
Doc1152,0.95,0.02,0.02,0.02,0,1153
Doc1153,0.95,0.01,0.02,0.01,0,1154
Doc1154,0.01,0.01,0.96,0.01,2,1155
Doc1155,0.94,0.02,0.02,0.02,0,1156
Doc1156,0.01,0.01,0.96,0.01,2,1157
Doc1157,0.95,0.02,0.02,0.02,0,1158
Doc1158,0.95,0.02,0.02,0.02,0,1159
Doc1159,0.96,0.01,0.02,0.01,0,1160
Doc1160,0.95,0.02,0.02,0.02,0,1161
Doc1161,0.96,0.01,0.02,0.01,0,1162
Doc1162,0.02,0.02,0.95,0.02,2,1163
Doc1163,0.01,0.01,0.96,0.01,2,1164
Doc1164,0.95,0.01,0.02,0.01,0,1165
Doc1165,0.96,0.01,0.01,0.01,0,1166
Doc1166,0.95,0.02,0.02,0.02,0,1167
Doc1167,0.02,0.02,0.95,0.02,2,1168
Doc1168,0.95,0.02,0.02,0.02,0,1169
Doc1169,0.96,0.01,0.01,0.01,0,1170
Doc1170,0.95,0.02,0.02,0.02,0,1171
Doc1171,0.95,0.02,0.02,0.02,0,1172
Doc1172,0.95,0.02,0.02,0.02,0,1173
Doc1173,0.95,0.02,0.02,0.02,0,1174
Doc1174,0.95,0.02,0.02,0.02,0,1175
Doc1175,0.48,0.01,0.49,0.01,2,1176
Doc1176,0.96,0.01,0.01,0.01,0,1177
Doc1177,0.02,0.02,0.95,0.02,2,1178
Doc1178,0.02,0.02,0.94,0.02,2,1179
Doc1179,0.95,0.02,0.02,0.02,0,1180
Doc1180,0.94,0.02,0.02,0.02,0,1181
Doc1181,0.02,0.02,0.95,0.02,2,1182
Doc1182,0.95,0.02,0.02,0.02,0,1183
Doc1183,0.01,0.01,0.96,0.01,2,1184
Doc1184,0.02,0.02,0.95,0.02,2,1185
Doc1185,0.01,0.01,0.96,0.01,2,1186
Doc1186,0.02,0.02,0.95,0.02,2,1187
Doc1187,0.37,0.01,0.6,0.01,2,1188
Doc1188,0.02,0.02,0.94,0.02,2,1189
Doc1189,0.94,0.02,0.02,0.02,0,1190
Doc1190,0.43,0.01,0.55,0.01,2,1191
Doc1191,0.96,0.01,0.01,0.01,0,1192
Doc1192,0.94,0.03,0.02,0.02,0,1193
Doc1193,0.92,0.04,0.02,0.02,0,1194
Doc1194,0.96,0.01,0.01,0.01,0,1195
Doc1195,0.95,0.02,0.02,0.02,0,1196
Doc1196,0.95,0.02,0.02,0.02,0,1197
Doc1197,0.34,0.01,0.63,0.01,2,1198
Doc1198,0.96,0.01,0.01,0.01,0,1199
Doc1199,0.96,0.01,0.01,0.01,0,1200
Doc1200,0.02,0.01,0.96,0.01,2,1201
Doc1201,0.95,0.02,0.02,0.02,0,1202
Doc1202,0.97,0.01,0.01,0.01,0,1203
Doc1203,0.02,0.02,0.95,0.02,2,1204
Doc1204,0.96,0.01,0.01,0.01,0,1205
Doc1205,0.95,0.02,0.02,0.02,0,1206
Doc1206,0.02,0.02,0.95,0.02,2,1207
Doc1207,0.95,0.02,0.02,0.02,0,1208
Doc1208,0.95,0.02,0.02,0.02,0,1209
Doc1209,0.95,0.02,0.02,0.02,0,1210
Doc1210,0.95,0.02,0.02,0.02,0,1211
Doc1211,0.3,0.02,0.67,0.02,2,1212
Doc1212,0.95,0.02,0.02,0.02,0,1213
Doc1213,0.02,0.02,0.95,0.02,2,1214
Doc1214,0.95,0.02,0.02,0.02,0,1215
Doc1215,0.01,0.01,0.49,0.49,2,1218
Doc1216,0.02,0.01,0.96,0.01,2,1219
Doc1217,0.02,0.02,0.95,0.02,2,1220
Doc1218,0.01,0.01,0.96,0.01,2,1221
Doc1219,0.54,0.01,0.43,0.01,0,1222
Doc1220,0.23,0.01,0.75,0.01,2,1223
Doc1221,0.96,0.01,0.01,0.01,0,1224
Doc1222,0.02,0.01,0.96,0.01,2,1225
Doc1223,0.09,0.02,0.88,0.02,2,1226
Doc1224,0.43,0.01,0.55,0.01,2,1227
Doc1225,0.02,0.02,0.95,0.02,2,1228
Doc1226,0.95,0.02,0.02,0.02,0,1229
Doc1227,0.95,0.02,0.02,0.02,0,1230
Doc1228,0.95,0.02,0.02,0.02,0,1231
Doc1229,0.95,0.02,0.02,0.02,0,1232
Doc1230,0.96,0.01,0.01,0.01,0,1233
Doc1231,0.01,0.01,0.96,0.01,2,1234
Doc1232,0.94,0.02,0.02,0.02,0,1235
Doc1233,0.95,0.02,0.02,0.02,0,1236
Doc1234,0.02,0.02,0.93,0.02,2,1237
Doc1235,0.02,0.01,0.96,0.01,2,1238
Doc1236,0.34,0.02,0.63,0.02,2,1239
Doc1237,0.96,0.01,0.01,0.01,0,1240
Doc1238,0.95,0.02,0.02,0.02,0,1241
Doc1239,0.02,0.02,0.93,0.02,2,1242
Doc1240,0.02,0.02,0.95,0.02,2,1243
Doc1241,0.18,0.01,0.79,0.01,2,1244
Doc1242,0.01,0.01,0.96,0.01,2,1245
Doc1243,0.02,0.02,0.95,0.02,2,1246
Doc1244,0.29,0.01,0.69,0.01,2,1247
Doc1245,0.93,0.02,0.02,0.02,0,1248
Doc1246,0.25,0.02,0.72,0.02,2,1249
Doc1247,0.02,0.02,0.95,0.02,2,1250
Doc1248,0.02,0.01,0.95,0.01,2,1251
Doc1249,0.96,0.01,0.02,0.01,0,1252
Doc1250,0.02,0.01,0.96,0.01,2,1253
Doc1251,0.02,0.02,0.95,0.02,2,1254
Doc1252,0.95,0.02,0.02,0.02,0,1255
Doc1253,0.96,0.01,0.01,0.01,0,1256
Doc1254,0.02,0.02,0.95,0.02,2,1257
Doc1255,0.96,0.01,0.01,0.01,0,1258
Doc1256,0.96,0.01,0.01,0.01,0,1259
Doc1257,0.95,0.02,0.02,0.02,0,1260
Doc1258,0.96,0.01,0.01,0.01,0,1261
Doc1259,0.01,0.01,0.97,0.01,2,1262
Doc1260,0.96,0.01,0.01,0.01,0,1263
Doc1261,0.95,0.02,0.02,0.02,0,1264
Doc1262,0.94,0.02,0.02,0.02,0,1265
Doc1263,0.96,0.01,0.01,0.01,0,1266
Doc1264,0.17,0.01,0.8,0.01,2,1267
Doc1265,0.95,0.02,0.02,0.02,0,1268
Doc1266,0.02,0.02,0.93,0.02,2,1269
Doc1267,0.02,0.02,0.95,0.02,2,1270
Doc1268,0.96,0.01,0.02,0.01,0,1271
Doc1269,0.02,0.01,0.96,0.01,2,1272
Doc1270,0.34,0.01,0.63,0.01,2,1273
Doc1271,0.96,0.01,0.01,0.01,0,1274
Doc1272,0.02,0.02,0.95,0.02,2,1275
Doc1273,0.95,0.02,0.02,0.02,0,1276
Doc1274,0.95,0.02,0.02,0.02,0,1277
Doc1275,0.56,0.02,0.41,0.02,0,1278
Doc1276,0.02,0.02,0.95,0.02,2,1279
Doc1277,0.02,0.02,0.94,0.02,2,1280
Doc1278,0.02,0.01,0.95,0.01,2,1281
Doc1279,0.48,0.02,0.49,0.02,2,1282
Doc1280,0.95,0.02,0.02,0.02,0,1283
Doc1281,0.8,0.01,0.18,0.01,0,1284
Doc1282,0.95,0.02,0.02,0.02,0,1285
Doc1283,0.96,0.01,0.02,0.01,0,1286
Doc1284,0.02,0.02,0.95,0.02,2,1287
Doc1285,0.95,0.01,0.02,0.01,0,1288
Doc1286,0.94,0.02,0.02,0.02,0,1289
Doc1287,0.96,0.01,0.01,0.01,0,1290
Doc1288,0.95,0.02,0.02,0.02,0,1291
Doc1289,0.15,0.01,0.82,0.01,2,1292
Doc1290,0.96,0.01,0.02,0.01,0,1293
Doc1291,0.95,0.02,0.02,0.02,0,1294
Doc1292,0.96,0.01,0.01,0.01,0,1295
Doc1293,0.02,0.01,0.95,0.01,2,1296
Doc1294,0.02,0.02,0.95,0.02,2,1297
Doc1295,0.02,0.02,0.95,0.02,2,1298
Doc1296,0.95,0.02,0.02,0.02,0,1299
Doc1297,0.96,0.01,0.01,0.01,0,1300
Doc1298,0.02,0.02,0.95,0.02,2,1301
Doc1299,0.96,0.01,0.01,0.01,0,1302
Doc1300,0.02,0.02,0.94,0.02,2,1303
Doc1301,0.96,0.01,0.01,0.01,0,1304
Doc1302,0.97,0.01,0.01,0.01,0,1305
Doc1303,0.95,0.01,0.02,0.01,0,1306
Doc1304,0.02,0.02,0.95,0.02,2,1307
Doc1305,0.95,0.02,0.02,0.02,0,1308
Doc1306,0.02,0.02,0.95,0.02,2,1309
Doc1307,0.96,0.01,0.01,0.01,0,1310
Doc1308,0.93,0.02,0.02,0.02,0,1311
Doc1309,0.02,0.01,0.96,0.01,2,1312
Doc1310,0.95,0.02,0.02,0.02,0,1313
Doc1311,0.15,0.02,0.81,0.02,2,1314
Doc1312,0.95,0.02,0.02,0.02,0,1315
Doc1313,0.96,0.01,0.01,0.01,0,1316
Doc1314,0.95,0.02,0.02,0.02,0,1317
Doc1315,0.96,0.01,0.02,0.01,0,1318
Doc1316,0.02,0.02,0.94,0.02,2,1319
Doc1317,0.87,0.09,0.02,0.02,0,1320
Doc1318,0.02,0.02,0.95,0.02,2,1321
Doc1319,0.21,0.02,0.76,0.02,2,1322
Doc1320,0.95,0.02,0.02,0.02,0,1323
Doc1321,0.95,0.02,0.02,0.02,0,1324
Doc1322,0.49,0.01,0.48,0.01,0,1325
Doc1323,0.01,0.01,0.96,0.01,2,1326
Doc1324,0.01,0.01,0.96,0.01,2,1327
Doc1325,0.02,0.02,0.95,0.02,2,1328
Doc1326,0.95,0.02,0.02,0.02,0,1329
Doc1327,0.02,0.02,0.95,0.02,2,1330
Doc1328,0.95,0.02,0.02,0.02,0,1331
Doc1329,0.33,0.02,0.64,0.02,2,1332
Doc1330,0.95,0.02,0.02,0.02,0,1333
Doc1331,0.02,0.02,0.95,0.02,2,1334
Doc1332,0.96,0.01,0.01,0.01,0,1335
Doc1333,0.02,0.01,0.96,0.01,2,1336
Doc1334,0.96,0.01,0.01,0.01,0,1337
Doc1335,0.94,0.02,0.02,0.02,0,1338
Doc1336,0.36,0.01,0.61,0.01,2,1339
Doc1337,0.02,0.02,0.95,0.02,2,1340
Doc1338,0.95,0.02,0.02,0.02,0,1341
Doc1339,0.02,0.02,0.95,0.02,2,1342
Doc1340,0.96,0.01,0.01,0.01,0,1343
Doc1341,0.31,0.01,0.67,0.01,2,1344
Doc1342,0.94,0.02,0.02,0.02,0,1345
Doc1343,0.02,0.01,0.96,0.01,2,1346
Doc1344,0.02,0.01,0.96,0.01,2,1347
Doc1345,0.02,0.02,0.94,0.02,2,1348
Doc1346,0.02,0.01,0.95,0.01,2,1349
Doc1347,0.02,0.02,0.94,0.02,2,1350
Doc1348,0.96,0.01,0.02,0.01,0,1351
Doc1349,0.94,0.02,0.02,0.02,0,1352
Doc1350,0.95,0.02,0.02,0.02,0,1353
Doc1351,0.94,0.02,0.02,0.02,0,1354
Doc1352,0.2,0.02,0.77,0.02,2,1355
Doc1353,0.96,0.01,0.01,0.01,0,1356
Doc1354,0.96,0.01,0.01,0.01,0,1357
Doc1355,0.95,0.02,0.02,0.02,0,1358
Doc1356,0.93,0.02,0.03,0.02,0,1359
Doc1357,0.95,0.01,0.02,0.01,0,1360
Doc1358,0.95,0.02,0.02,0.02,0,1361
Doc1359,0.46,0.01,0.51,0.01,2,1362
Doc1360,0.96,0.01,0.01,0.01,0,1363
Doc1361,0.95,0.02,0.02,0.02,0,1364
Doc1362,0.95,0.02,0.02,0.02,0,1365
Doc1363,0.35,0.01,0.62,0.01,2,1366
Doc1364,0.02,0.02,0.95,0.02,2,1367
Doc1365,0.95,0.02,0.02,0.02,0,1368
Doc1366,0.93,0.02,0.02,0.02,0,1369
Doc1367,0.96,0.01,0.02,0.01,0,1370
Doc1368,0.02,0.02,0.95,0.02,2,1371
Doc1369,0.96,0.01,0.01,0.01,0,1372
Doc1370,0.95,0.02,0.02,0.02,0,1373
Doc1371,0.95,0.02,0.02,0.02,0,1374
Doc1372,0.49,0.02,0.48,0.02,0,1375
Doc1373,0.02,0.01,0.95,0.01,2,1376
Doc1374,0.95,0.02,0.02,0.02,0,1377
Doc1375,0.96,0.01,0.01,0.01,0,1378
Doc1376,0.02,0.01,0.96,0.01,2,1379
Doc1377,0.29,0.02,0.68,0.02,2,1380
Doc1378,0.37,0.01,0.6,0.01,2,1381
Doc1379,0.02,0.01,0.95,0.01,2,1382
Doc1380,0.94,0.02,0.02,0.02,0,1383
Doc1381,0.02,0.01,0.95,0.01,2,1384
Doc1382,0.96,0.01,0.02,0.01,0,1385
Doc1383,0.93,0.02,0.02,0.02,0,1386
Doc1384,0.95,0.02,0.02,0.02,0,1387
Doc1385,0.95,0.02,0.02,0.02,0,1388
Doc1386,0.96,0.01,0.01,0.01,0,1389
Doc1387,0.02,0.01,0.96,0.01,2,1390
Doc1388,0.96,0.01,0.01,0.01,0,1391
Doc1389,0.95,0.02,0.02,0.02,0,1392
Doc1390,0.91,0.03,0.03,0.03,0,1393
Doc1391,0.02,0.01,0.95,0.01,2,1394
Doc1392,0.96,0.01,0.01,0.01,0,1395
Doc1393,0.94,0.02,0.02,0.02,0,1396
Doc1394,0.02,0.01,0.95,0.01,2,1397
Doc1395,0.02,0.02,0.94,0.02,2,1398
Doc1396,0.95,0.02,0.02,0.02,0,1399
Doc1397,0.02,0.01,0.96,0.01,2,1400
Doc1398,0.02,0.01,0.95,0.01,2,1401
Doc1399,0.41,0.01,0.57,0.01,2,1402
Doc1400,0.95,0.02,0.02,0.02,0,1403
Doc1401,0.02,0.01,0.95,0.01,2,1404
Doc1402,0.96,0.01,0.02,0.01,0,1405
Doc1403,0.95,0.02,0.02,0.02,0,1406
Doc1404,0.95,0.02,0.02,0.02,0,1407
Doc1405,0.94,0.02,0.02,0.02,0,1408
Doc1406,0.95,0.01,0.02,0.01,0,1409
Doc1407,0.95,0.01,0.02,0.01,0,1410
Doc1408,0.02,0.02,0.95,0.02,2,1411
Doc1409,0.02,0.02,0.94,0.02,2,1412
Doc1410,0.02,0.01,0.95,0.01,2,1413
Doc1411,0.96,0.01,0.01,0.01,0,1414
Doc1412,0.02,0.02,0.95,0.02,2,1415
Doc1413,0.96,0.01,0.02,0.01,0,1416
Doc1414,0.02,0.02,0.95,0.02,2,1417
Doc1415,0.02,0.02,0.95,0.02,2,1418
Doc1416,0.96,0.01,0.01,0.01,0,1419
Doc1417,0.95,0.01,0.02,0.01,0,1420
Doc1418,0.96,0.01,0.01,0.01,0,1421
Doc1419,0.02,0.02,0.94,0.02,2,1422
Doc1420,0.93,0.02,0.03,0.02,0,1423
Doc1421,0.95,0.02,0.02,0.02,0,1424
Doc1422,0.02,0.01,0.95,0.01,2,1425
Doc1423,0.96,0.01,0.01,0.01,0,1426
Doc1424,0.93,0.02,0.02,0.02,0,1427
Doc1425,0.02,0.01,0.96,0.01,2,1428
Doc1426,0.95,0.02,0.02,0.02,0,1429
Doc1427,0.22,0.01,0.76,0.01,2,1430
Doc1428,0.96,0.01,0.02,0.01,0,1431
Doc1429,0.02,0.02,0.95,0.02,2,1432
Doc1430,0.96,0.01,0.02,0.01,0,1433
Doc1431,0.19,0.01,0.78,0.01,2,1434
Doc1432,0.96,0.01,0.02,0.01,0,1435
Doc1433,0.09,0.01,0.88,0.01,2,1436
Doc1434,0.3,0.01,0.67,0.01,2,1437
Doc1435,0.95,0.02,0.02,0.02,0,1438
Doc1436,0.95,0.02,0.02,0.02,0,1439
Doc1437,0.02,0.02,0.94,0.02,2,1440
Doc1438,0.96,0.01,0.01,0.01,0,1441
Doc1439,0.96,0.01,0.01,0.01,0,1443
Doc1440,0.95,0.01,0.02,0.01,0,1444
Doc1441,0.33,0.02,0.63,0.02,2,1445
Doc1442,0.96,0.01,0.02,0.01,0,1447
Doc1443,0.96,0.01,0.01,0.01,0,1448
Doc1444,0.25,0.01,0.72,0.01,2,1452
Doc1445,0.02,0.01,0.96,0.01,2,1456
Doc1446,0.95,0.01,0.02,0.01,0,1461
Doc1447,0.02,0.02,0.95,0.02,2,1462
Doc1448,0.95,0.02,0.02,0.02,0,1463
Doc1449,0.96,0.01,0.01,0.01,0,1465
Doc1450,0.15,0.01,0.83,0.01,2,1466
Doc1451,0.95,0.02,0.02,0.02,0,1468
Doc1452,0.95,0.02,0.02,0.02,0,1469
Doc1453,0.96,0.01,0.02,0.01,0,1472
Doc1454,0.96,0.01,0.02,0.01,0,1474
Doc1455,0.02,0.02,0.94,0.02,2,1475
Doc1456,0.93,0.02,0.02,0.02,0,1477
Doc1457,0.93,0.02,0.02,0.02,0,1479
Doc1458,0.96,0.01,0.01,0.01,0,1480
Doc1459,0.95,0.02,0.02,0.02,0,1482
Doc1460,0.95,0.02,0.02,0.02,0,1484
Doc1461,0.02,0.01,0.95,0.01,2,1485
Doc1462,0.02,0.02,0.94,0.02,2,1486
Doc1463,0.45,0.01,0.52,0.01,2,1487
Doc1464,0.96,0.01,0.01,0.01,0,1491
Doc1465,0.96,0.01,0.02,0.01,0,1493
Doc1466,0.79,0.01,0.18,0.01,0,1497
Doc1467,0.39,0.02,0.58,0.02,2,1500
Doc1468,0.95,0.02,0.02,0.02,0,1501
Doc1469,0.96,0.01,0.02,0.01,0,1502
Doc1470,0.95,0.02,0.02,0.02,0,1508
Doc1471,0.95,0.02,0.02,0.02,0,1510
Doc1472,0.02,0.01,0.95,0.01,2,1512
Doc1473,0.94,0.02,0.02,0.02,0,1513
Doc1474,0.32,0.02,0.65,0.02,2,1515
Doc1475,0.95,0.01,0.02,0.01,0,1517
Doc1476,0.96,0.01,0.02,0.01,0,1518
Doc1477,0.96,0.01,0.02,0.01,0,1526
Doc1478,0.29,0.02,0.68,0.02,2,1527
Doc1479,0.95,0.02,0.02,0.02,0,1528
Doc1480,0.96,0.01,0.01,0.01,0,1529
Doc1481,0.94,0.02,0.02,0.02,0,1531
Doc1482,0.96,0.01,0.01,0.01,0,1532
Doc1483,0.95,0.01,0.02,0.01,0,1533
Doc1484,0.96,0.01,0.01,0.01,0,1535
Doc1485,0.96,0.01,0.01,0.01,0,1536
Doc1486,0.94,0.02,0.02,0.02,0,1537
Doc1487,0.02,0.01,0.96,0.01,2,1539
Doc1488,0.11,0.02,0.85,0.02,2,1549
Doc1489,0.02,0.02,0.95,0.02,2,1551
Doc1490,0.02,0.01,0.96,0.01,2,1553
Doc1491,0.95,0.02,0.02,0.02,0,1556
Doc1492,0.02,0.02,0.94,0.02,2,1557
Doc1493,0.27,0.01,0.7,0.01,2,1558
Doc1494,0.42,0.02,0.54,0.02,2,1559
Doc1495,0.94,0.02,0.02,0.02,0,1561
Doc1496,0.96,0.01,0.01,0.01,0,1562
Doc1497,0.96,0.01,0.01,0.01,0,1563
Doc1498,0.96,0.01,0.01,0.01,0,1564
Doc1499,0.01,0.01,0.96,0.01,2,1565
Doc1500,0.01,0.01,0.96,0.01,2,1566
Doc1501,0.44,0.01,0.53,0.01,2,1567
Doc1502,0.02,0.02,0.95,0.02,2,1572
Doc1503,0.96,0.01,0.01,0.01,0,1574
Doc1504,0.02,0.02,0.95,0.02,2,1575
Doc1505,0.96,0.01,0.01,0.01,0,1576
Doc1506,0.96,0.01,0.02,0.01,0,1578
Doc1507,0.15,0.02,0.81,0.02,2,1581
Doc1508,0.95,0.02,0.02,0.02,0,1582
Doc1509,0.95,0.02,0.02,0.02,0,1584
Doc1510,0.95,0.02,0.02,0.02,0,1586
Doc1511,0.96,0.01,0.02,0.01,0,1588
Doc1512,0.96,0.01,0.01,0.01,0,1589
Doc1513,0.96,0.01,0.01,0.01,0,1590
Doc1514,0.96,0.01,0.01,0.01,0,1592
Doc1515,0.02,0.02,0.94,0.02,2,1593
Doc1516,0.96,0.01,0.01,0.01,0,1595
Doc1517,0.05,0.01,0.92,0.01,2,1596
Doc1518,0.96,0.01,0.01,0.01,0,1600
Doc1519,0.94,0.02,0.02,0.02,0,1603
Doc1520,0.42,0.02,0.55,0.02,2,1604
Doc1521,0.96,0.01,0.01,0.01,0,1605
Doc1522,0.14,0.01,0.84,0.01,2,1608
Doc1523,0.95,0.02,0.02,0.02,0,1610
Doc1524,0.02,0.02,0.94,0.02,2,1612
Doc1525,0.96,0.01,0.01,0.01,0,1614
Doc1526,0.93,0.02,0.03,0.02,0,1619
Doc1527,0.19,0.02,0.78,0.02,2,1623
Doc1528,0.96,0.01,0.01,0.01,0,1627
Doc1529,0.02,0.01,0.96,0.01,2,1628
Doc1530,0.96,0.01,0.01,0.01,0,1630
Doc1531,0.96,0.01,0.01,0.01,0,1632
Doc1532,0.95,0.02,0.02,0.02,0,1633
Doc1533,0.96,0.01,0.02,0.01,0,1634
Doc1534,0.96,0.01,0.02,0.01,0,1636
Doc1535,0.02,0.02,0.95,0.02,2,1638
Doc1536,0.02,0.02,0.95,0.02,2,1648
Doc1537,0.96,0.01,0.01,0.01,0,1649
Doc1538,0.01,0.01,0.96,0.01,2,1650
Doc1539,0.96,0.01,0.01,0.01,0,1655
Doc1540,0.01,0.01,0.96,0.01,2,1657
Doc1541,0.02,0.02,0.95,0.01,2,1659
Doc1542,0.02,0.01,0.95,0.01,2,1660
Doc1543,0.96,0.01,0.01,0.01,0,1661
Doc1544,0.96,0.01,0.01,0.01,0,1663
Doc1545,0.95,0.02,0.02,0.02,0,1665
Doc1546,0.95,0.02,0.02,0.02,0,1668
Doc1547,0.96,0.01,0.02,0.01,0,1669
Doc1548,0.96,0.01,0.01,0.01,0,1674
Doc1549,0.95,0.02,0.02,0.02,0,1677
Doc1550,0.02,0.01,0.95,0.01,2,1678
Doc1551,0.96,0.01,0.01,0.01,0,1682
Doc1552,0.95,0.02,0.02,0.02,0,1683
Doc1553,0.95,0.01,0.02,0.01,0,1684
Doc1554,0.95,0.01,0.02,0.01,0,1685
Doc1555,0.02,0.02,0.95,0.02,2,1686
Doc1556,0.96,0.01,0.02,0.01,0,1687
Doc1557,0.94,0.02,0.02,0.02,0,1688
Doc1558,0.02,0.02,0.95,0.02,2,1691
Doc1559,0.96,0.01,0.02,0.01,0,1692
Doc1560,0.95,0.02,0.02,0.02,0,1694
Doc1561,0.95,0.02,0.02,0.02,0,1698
Doc1562,0.96,0.01,0.02,0.01,0,1704
Doc1563,0.03,0.03,0.92,0.03,2,1705
Doc1564,0.95,0.02,0.02,0.02,0,1706
Doc1565,0.96,0.01,0.02,0.01,0,1707
Doc1566,0.95,0.02,0.02,0.02,0,1708
Doc1567,0.3,0.01,0.67,0.01,2,1710
Doc1568,0.96,0.01,0.01,0.01,0,1713
Doc1569,0.96,0.01,0.02,0.01,0,1715
Doc1570,0.02,0.02,0.95,0.02,2,1718
Doc1571,0.02,0.01,0.96,0.01,2,1719
Doc1572,0.96,0.01,0.02,0.01,0,1722
Doc1573,0.24,0.02,0.73,0.02,2,1725
Doc1574,0.02,0.01,0.95,0.01,2,1726
Doc1575,0.96,0.01,0.01,0.01,0,1730
Doc1576,0.95,0.02,0.02,0.02,0,1733
Doc1577,0.96,0.01,0.02,0.01,0,1734
Doc1578,0.96,0.01,0.01,0.01,0,1735
Doc1579,0.96,0.01,0.02,0.01,0,1737
Doc1580,0.31,0.02,0.66,0.02,2,1739
Doc1581,0.02,0.02,0.95,0.02,2,1742
Doc1582,0.38,0.02,0.59,0.02,2,1744
Doc1583,0.95,0.01,0.02,0.01,0,1750
Doc1584,0.02,0.02,0.95,0.02,2,1751
Doc1585,0.96,0.01,0.02,0.01,0,1752
Doc1586,0.96,0.01,0.01,0.01,0,1757
Doc1587,0.02,0.01,0.95,0.01,2,1760
Doc1588,0.29,0.02,0.67,0.02,2,1761
Doc1589,0.96,0.01,0.01,0.01,0,1762
Doc1590,0.96,0.01,0.01,0.01,0,1765
Doc1591,0.96,0.01,0.01,0.01,0,1770
Doc1592,0.96,0.01,0.02,0.01,0,1771
Doc1593,0.94,0.02,0.02,0.02,0,1774
Doc1594,0.96,0.01,0.02,0.01,0,1775
Doc1595,0.39,0.01,0.58,0.01,2,1777
Doc1596,0.96,0.01,0.02,0.01,0,1779
Doc1597,0.02,0.01,0.96,0.01,2,1780
Doc1598,0.94,0.02,0.02,0.02,0,1783
Doc1599,0.02,0.01,0.95,0.01,2,1784
Doc1600,0.15,0.01,0.82,0.01,2,1787
Doc1601,0.95,0.02,0.02,0.02,0,1788
Doc1602,0.95,0.02,0.02,0.02,0,1795
Doc1603,0.95,0.02,0.02,0.02,0,1796
Doc1604,0.02,0.02,0.95,0.02,2,1797
Doc1605,0.96,0.01,0.01,0.01,0,1798
Doc1606,0.02,0.01,0.95,0.01,2,1799
Doc1607,0.96,0.01,0.01,0.01,0,1800
Doc1608,0.96,0.01,0.02,0.01,0,1803
Doc1609,0.96,0.01,0.01,0.01,0,1806
Doc1610,0.01,0.01,0.96,0.01,2,1807
Doc1611,0.96,0.01,0.01,0.01,0,1809
Doc1612,0.31,0.02,0.66,0.02,2,1810
Doc1613,0.01,0.01,0.96,0.01,2,1812
Doc1614,0.02,0.02,0.95,0.02,2,1813
Doc1615,0.95,0.01,0.02,0.01,0,1814
Doc1616,0.94,0.02,0.02,0.02,0,1815
Doc1617,0.96,0.01,0.01,0.01,0,1816
Doc1618,0.15,0.02,0.81,0.02,2,1820
Doc1619,0.02,0.02,0.95,0.02,2,1821
Doc1620,0.96,0.01,0.01,0.01,0,1822
Doc1621,0.02,0.02,0.95,0.02,2,1824
Doc1622,0.94,0.02,0.02,0.02,0,1828
Doc1623,0.34,0.02,0.63,0.02,2,1829
Doc1624,0.95,0.02,0.02,0.02,0,1830
Doc1625,0.95,0.02,0.02,0.02,0,1831
Doc1626,0.96,0.01,0.01,0.01,0,1833
Doc1627,0.94,0.02,0.02,0.02,0,1835
Doc1628,0.97,0.01,0.01,0.01,0,1840
Doc1629,0.23,0.02,0.74,0.02,2,1841
Doc1630,0.93,0.02,0.02,0.02,0,1842
Doc1631,0.02,0.01,0.96,0.01,2,1846
Doc1632,0.25,0.01,0.73,0.01,2,1847
Doc1633,0.31,0.02,0.65,0.02,2,1849
Doc1634,0.95,0.01,0.02,0.01,0,1851
Doc1635,0.95,0.02,0.02,0.02,0,1852
Doc1636,0.96,0.01,0.02,0.01,0,1854
Doc1637,0.95,0.02,0.02,0.02,0,1856
Doc1638,0.96,0.01,0.01,0.01,0,1861
Doc1639,0.16,0.01,0.81,0.01,2,1863
Doc1640,0.43,0.02,0.53,0.02,2,1865
Doc1641,0.95,0.02,0.02,0.02,0,1867
Doc1642,0.95,0.01,0.02,0.01,0,1868
Doc1643,0.94,0.02,0.02,0.02,0,1870
Doc1644,0.02,0.02,0.94,0.02,2,1871
Doc1645,0.17,0.02,0.8,0.02,2,1872
Doc1646,0.02,0.01,0.96,0.01,2,1873
Doc1647,0.29,0.01,0.68,0.01,2,1874
Doc1648,0.95,0.02,0.02,0.02,0,1875
Doc1649,0.33,0.01,0.64,0.01,2,1876
Doc1650,0.03,0.02,0.93,0.02,2,1878
Doc1651,0.94,0.02,0.02,0.02,0,1883
Doc1652,0.95,0.02,0.02,0.02,0,1884
Doc1653,0.02,0.02,0.95,0.02,2,1885
Doc1654,0.95,0.02,0.02,0.02,0,1886
Doc1655,0.96,0.01,0.01,0.01,0,1887
Doc1656,0.38,0.02,0.59,0.02,2,1888
Doc1657,0.95,0.02,0.02,0.02,0,1890
Doc1658,0.96,0.01,0.02,0.01,0,1892
Doc1659,0.95,0.02,0.02,0.02,0,1896
Doc1660,0.96,0.01,0.01,0.01,0,1897
Doc1661,0.96,0.01,0.02,0.01,0,1902
Doc1662,0.68,0.01,0.3,0.01,0,1903
Doc1663,0.96,0.01,0.01,0.01,0,1904
Doc1664,0.94,0.02,0.02,0.02,0,1905
Doc1665,0.96,0.01,0.01,0.01,0,1908
Doc1666,0.96,0.01,0.01,0.01,0,1909
Doc1667,0.95,0.01,0.02,0.01,0,1910
Doc1668,0.03,0.02,0.93,0.02,2,1911
Doc1669,0.96,0.01,0.01,0.01,0,1913
Doc1670,0.97,0.01,0.01,0.01,0,1916
Doc1671,0.93,0.02,0.02,0.02,0,1917
Doc1672,0.86,0.05,0.05,0.05,0,1920
Doc1673,0.84,0.06,0.05,0.05,0,1922
Doc1674,0.83,0.05,0.05,0.06,0,1923
Doc1675,0.83,0.06,0.06,0.06,0,1924
Doc1676,0.84,0.05,0.05,0.06,0,1925
Doc1677,0.85,0.05,0.05,0.05,0,1926
Doc1678,0.85,0.05,0.05,0.05,0,1927
Doc1679,0.85,0.05,0.05,0.05,0,1928
Doc1680,0.83,0.06,0.06,0.06,0,1929
Doc1681,0.83,0.05,0.06,0.06,0,1930
Doc1682,0.79,0.08,0.07,0.07,0,1931
Doc1683,0.82,0.06,0.06,0.07,0,1932
Doc1684,0.84,0.05,0.06,0.05,0,1933
Doc1685,0.84,0.05,0.05,0.06,0,1934
Doc1686,0.84,0.05,0.06,0.05,0,1935
Doc1687,0.81,0.06,0.06,0.07,0,1936
Doc1688,0.83,0.05,0.06,0.06,0,1937
Doc1689,0.78,0.08,0.07,0.07,0,1938
Doc1690,0.86,0.04,0.05,0.04,0,1939
Doc1691,0.84,0.05,0.05,0.05,0,1940
Doc1692,0.81,0.06,0.06,0.06,0,1941
Doc1693,0.85,0.05,0.05,0.05,0,1942
Doc1694,0.83,0.05,0.05,0.06,0,1943
Doc1695,0.82,0.06,0.06,0.06,0,1944
Doc1696,0.84,0.05,0.06,0.05,0,1946
Doc1697,0.84,0.05,0.05,0.05,0,1947
Doc1698,0.85,0.05,0.05,0.05,0,1948
Doc1699,0.85,0.05,0.05,0.05,0,1949
Doc1700,0.86,0.05,0.05,0.05,0,1950
Doc1701,0.84,0.05,0.05,0.05,0,1951
Doc1702,0.86,0.05,0.05,0.05,0,1952
Doc1703,0.83,0.05,0.06,0.06,0,1953
Doc1704,0.85,0.05,0.05,0.05,0,1954
Doc1705,0.85,0.05,0.05,0.05,0,1955
Doc1706,0.85,0.05,0.05,0.05,0,1956
Doc1707,0.83,0.06,0.06,0.06,0,1957
Doc1708,0.81,0.06,0.06,0.06,0,1959
Doc1709,0.82,0.06,0.06,0.06,0,1960
Doc1710,0.81,0.06,0.07,0.06,0,1961
Doc1711,0.84,0.05,0.05,0.05,0,1962
Doc1712,0.83,0.06,0.06,0.06,0,1963
Doc1713,0.85,0.05,0.05,0.05,0,1964
Doc1714,0.85,0.05,0.05,0.05,0,1965
Doc1715,0.5,0.02,0.47,0.02,0,1966
Doc1716,0.82,0.06,0.06,0.06,0,1967
Doc1717,0.81,0.07,0.06,0.06,0,1968
Doc1718,0.81,0.06,0.06,0.06,0,1969
Doc1719,0.84,0.05,0.05,0.06,0,1970
Doc1720,0.82,0.06,0.06,0.06,0,1971
Doc1721,0.79,0.08,0.07,0.07,0,1972
Doc1722,0.84,0.05,0.05,0.06,0,1973
Doc1723,0.81,0.06,0.06,0.06,0,1974
Doc1724,0.85,0.05,0.05,0.05,0,1975
Doc1725,0.82,0.06,0.06,0.06,0,1976
Doc1726,0.84,0.05,0.05,0.05,0,1977
Doc1727,0.84,0.05,0.05,0.05,0,1978
Doc1728,0.81,0.06,0.06,0.07,0,1979
Doc1729,0.82,0.06,0.06,0.06,0,1980
Doc1730,0.85,0.05,0.05,0.05,0,1981
Doc1731,0.65,0.02,0.32,0.02,0,1982
Doc1732,0.83,0.06,0.06,0.06,0,1983
Doc1733,0.84,0.05,0.05,0.05,0,1984
Doc1734,0.67,0.21,0.06,0.06,0,1985
