,neg_sent,neu_sent,pos_sent
0,0.017,0.799,0.184
1,0.021,0.849,0.13
2,0.026,0.826,0.148
3,0.012,0.876,0.112
4,0.024,0.813,0.162
5,0.021,0.84,0.139
6,0.012,0.846,0.142
7,0.022,0.851,0.127
8,0.018,0.821,0.161
9,0.032,0.795,0.173
10,0.032,0.811,0.157
11,0.025,0.833,0.142
12,0.03,0.821,0.15
13,0.014,0.81,0.176
14,0.022,0.817,0.161
15,0.02,0.848,0.132
16,0.017,0.827,0.156
17,0.007,0.827,0.166
18,0.02,0.855,0.125
19,0.016,0.834,0.149
20,0.028,0.862,0.11
21,0.017,0.816,0.167
22,0.028,0.788,0.184
23,0.024,0.833,0.143
24,0.017,0.821,0.162
25,0.022,0.824,0.154
26,0.018,0.825,0.157
27,0.017,0.833,0.15
28,0.016,0.823,0.161
29,0.021,0.818,0.161
30,0.028,0.838,0.134
31,0.02,0.824,0.156
32,0.021,0.824,0.155
33,0.028,0.814,0.158
34,0.017,0.823,0.16
35,0.026,0.814,0.16
36,0.016,0.841,0.143
37,0.016,0.815,0.169
38,0.024,0.835,0.141
39,0.028,0.836,0.136
40,0.024,0.8,0.175
41,0.02,0.865,0.115
42,0.023,0.85,0.127
43,0.015,0.795,0.191
44,0.032,0.794,0.174
45,0.02,0.839,0.141
46,0.015,0.828,0.157
47,0.016,0.839,0.146
48,0.023,0.833,0.143
49,0.012,0.812,0.176
50,0.01,0.814,0.176
51,0.008,0.818,0.174
52,0.015,0.834,0.15
53,0.021,0.816,0.163
54,0.021,0.801,0.178
55,0.023,0.82,0.157
56,0.013,0.884,0.102
57,0.019,0.87,0.112
58,0.036,0.785,0.18
59,0.02,0.823,0.157
60,0.027,0.829,0.144
61,0.017,0.81,0.173
62,0.012,0.866,0.122
63,0.023,0.876,0.101
64,0.021,0.867,0.112
65,0.015,0.846,0.139
66,0.038,0.813,0.149
67,0.031,0.794,0.174
68,0.019,0.822,0.159
69,0.024,0.844,0.133
70,0.017,0.842,0.141
71,0.012,0.824,0.164
72,0.017,0.864,0.119
73,0.02,0.819,0.161
74,0.015,0.777,0.208
75,0.021,0.809,0.17
76,0.015,0.836,0.149
77,0.029,0.819,0.152
78,0.017,0.858,0.126
79,0.009,0.823,0.167
80,0.022,0.82,0.158
81,0.019,0.843,0.138
82,0.009,0.854,0.136
83,0.017,0.809,0.174
84,0.016,0.817,0.167
85,0.023,0.845,0.132
86,0.02,0.797,0.184
87,0.028,0.787,0.185
88,0.027,0.813,0.16
89,0.018,0.813,0.168
90,0.011,0.868,0.121
91,0.021,0.829,0.15
92,0.017,0.816,0.167
93,0.034,0.832,0.134
94,0.036,0.849,0.115
95,0.033,0.825,0.142
96,0.025,0.848,0.127
97,0.024,0.81,0.166
98,0.032,0.818,0.15
99,0.037,0.798,0.165
100,0.026,0.867,0.107
101,0.013,0.845,0.143
102,0.016,0.816,0.168
103,0.02,0.799,0.181
104,0.029,0.788,0.182
105,0.014,0.804,0.182
106,0.02,0.836,0.144
107,0.02,0.822,0.158
108,0.014,0.821,0.164
109,0.032,0.857,0.112
110,0.042,0.844,0.115
111,0.007,0.853,0.139
112,0.022,0.84,0.138
113,0.023,0.804,0.173
114,0.019,0.821,0.161
115,0.013,0.843,0.144
116,0.018,0.84,0.142
117,0.032,0.833,0.135
118,0.011,0.838,0.151
119,0.017,0.819,0.165
120,0.009,0.869,0.122
121,0.021,0.841,0.138
122,0.016,0.81,0.174
123,0.02,0.833,0.148
124,0.017,0.811,0.171
125,0.019,0.856,0.125
126,0.014,0.853,0.133
127,0.017,0.836,0.147
128,0.038,0.796,0.166
129,0.017,0.81,0.174
130,0.028,0.855,0.117
131,0.018,0.878,0.104
132,0.036,0.814,0.15
133,0.02,0.884,0.096
134,0.02,0.815,0.165
135,0.031,0.81,0.16
136,0.031,0.839,0.13
137,0.031,0.825,0.144
138,0.022,0.843,0.135
139,0.014,0.856,0.131
140,0.03,0.86,0.11
141,0.02,0.87,0.11
142,0.015,0.85,0.135
143,0.026,0.849,0.125
144,0.025,0.843,0.131
145,0.013,0.821,0.167
146,0.016,0.843,0.142
147,0.033,0.859,0.108
148,0.024,0.845,0.132
149,0.018,0.824,0.157
150,0.027,0.824,0.149
151,0.011,0.814,0.175
152,0.03,0.843,0.127
153,0.023,0.84,0.138
154,0.02,0.853,0.127
155,0.006,0.831,0.163
156,0.021,0.829,0.15
157,0.021,0.823,0.156
158,0.019,0.842,0.139
159,0.023,0.897,0.08
160,0.006,0.838,0.156
161,0.02,0.848,0.132
162,0.015,0.809,0.176
163,0.021,0.831,0.148
164,0.023,0.836,0.141
165,0.022,0.87,0.108
166,0.015,0.829,0.156
167,0.017,0.843,0.14
168,0.028,0.828,0.143
169,0.013,0.815,0.173
170,0.03,0.814,0.155
171,0.026,0.803,0.171
172,0.016,0.822,0.162
173,0.009,0.881,0.11
174,0.026,0.832,0.142
175,0.017,0.855,0.127
176,0.019,0.847,0.134
177,0.039,0.844,0.117
178,0.034,0.825,0.141
179,0.014,0.851,0.135
180,0.017,0.822,0.161
181,0.017,0.813,0.17
182,0.046,0.821,0.133
183,0.025,0.823,0.152
184,0.02,0.852,0.127
185,0.028,0.85,0.122
186,0.024,0.814,0.162
187,0.015,0.817,0.169
188,0.015,0.818,0.168
189,0.017,0.834,0.148
190,0.02,0.809,0.171
191,0.019,0.821,0.16
192,0.015,0.832,0.153
193,0.011,0.82,0.169
194,0.024,0.841,0.136
195,0.023,0.844,0.133
196,0.023,0.839,0.138
197,0.022,0.816,0.162
198,0.024,0.839,0.136
199,0.025,0.802,0.173
200,0.022,0.841,0.138
201,0.026,0.797,0.177
202,0.026,0.822,0.152
203,0.032,0.796,0.172
204,0.018,0.843,0.139
205,0.025,0.842,0.133
206,0.022,0.824,0.154
207,0.021,0.84,0.14
208,0.017,0.798,0.185
209,0.025,0.822,0.153
210,0.024,0.856,0.119
211,0.012,0.851,0.137
212,0.012,0.83,0.158
213,0.026,0.867,0.107
214,0.013,0.844,0.143
215,0.014,0.822,0.164
216,0.02,0.829,0.151
217,0.018,0.836,0.145
218,0.01,0.885,0.105
219,0.018,0.834,0.148
220,0.009,0.813,0.178
221,0.023,0.842,0.135
222,0.02,0.875,0.105
223,0.025,0.831,0.144
224,0.017,0.824,0.159
225,0.019,0.81,0.171
226,0.034,0.81,0.155
227,0.019,0.822,0.159
228,0.019,0.825,0.157
229,0.014,0.819,0.167
230,0.023,0.822,0.155
231,0.034,0.862,0.104
232,0.013,0.841,0.147
233,0.033,0.815,0.152
234,0.017,0.803,0.18
235,0.022,0.825,0.154
236,0.027,0.825,0.148
237,0.03,0.811,0.159
238,0.019,0.852,0.129
239,0.028,0.887,0.085
240,0.024,0.821,0.155
241,0.014,0.833,0.153
242,0.029,0.838,0.133
243,0.035,0.836,0.129
244,0.01,0.855,0.135
245,0.021,0.806,0.173
246,0.028,0.848,0.124
247,0.03,0.865,0.105
248,0.018,0.85,0.131
249,0.019,0.826,0.155
250,0.03,0.869,0.101
251,0.022,0.813,0.165
252,0.035,0.836,0.129
253,0.011,0.802,0.186
254,0.019,0.851,0.131
255,0.025,0.865,0.11
256,0.023,0.805,0.172
257,0.018,0.811,0.17
258,0.015,0.842,0.143
259,0.02,0.836,0.144
260,0.035,0.832,0.133
261,0.043,0.831,0.126
262,0.008,0.862,0.13
263,0.027,0.843,0.13
264,0.014,0.828,0.159
265,0.025,0.823,0.152
266,0.027,0.86,0.113
267,0.015,0.863,0.122
268,0.029,0.83,0.14
269,0.032,0.81,0.158
270,0.023,0.824,0.153
271,0.018,0.865,0.117
272,0.019,0.847,0.134
273,0.006,0.845,0.149
274,0.019,0.829,0.152
275,0.014,0.825,0.162
276,0.023,0.847,0.13
277,0.036,0.818,0.147
278,0.018,0.854,0.127
279,0.029,0.84,0.131
280,0.023,0.836,0.14
281,0.018,0.849,0.132
282,0.018,0.831,0.152
283,0.027,0.853,0.12
284,0.016,0.842,0.142
285,0.026,0.856,0.118
286,0.022,0.807,0.172
287,0.021,0.854,0.125
288,0.022,0.834,0.145
289,0.014,0.84,0.147
290,0.023,0.845,0.132
291,0.027,0.883,0.09
292,0.028,0.822,0.15
293,0.031,0.812,0.158
294,0.035,0.835,0.13
295,0.019,0.833,0.149
296,0.028,0.813,0.159
297,0.033,0.833,0.134
298,0.025,0.856,0.119
299,0.027,0.804,0.169
300,0.011,0.797,0.192
301,0.014,0.83,0.156
302,0.014,0.812,0.175
303,0.015,0.798,0.187
304,0.024,0.817,0.159
305,0.022,0.833,0.144
306,0.014,0.825,0.16
307,0.014,0.851,0.135
308,0.015,0.818,0.167
309,0.026,0.861,0.113
310,0.022,0.853,0.126
311,0.012,0.811,0.178
312,0.018,0.815,0.167
313,0.017,0.85,0.133
314,0.019,0.831,0.15
315,0.023,0.801,0.176
316,0.03,0.841,0.129
317,0.02,0.84,0.14
318,0.022,0.795,0.183
319,0.019,0.819,0.162
320,0.021,0.815,0.164
321,0.014,0.831,0.155
322,0.02,0.824,0.157
323,0.022,0.822,0.156
324,0.013,0.825,0.162
325,0.021,0.836,0.143
326,0.013,0.787,0.2
327,0.025,0.819,0.155
328,0.012,0.834,0.155
329,0.017,0.834,0.149
330,0.015,0.845,0.139
331,0.036,0.831,0.133
332,0.024,0.85,0.127
333,0.029,0.811,0.16
334,0.025,0.847,0.128
335,0.016,0.855,0.129
336,0.028,0.844,0.127
337,0.02,0.839,0.141
338,0.019,0.852,0.129
339,0.027,0.841,0.132
340,0.023,0.838,0.139
341,0.025,0.877,0.098
342,0.02,0.829,0.152
343,0.027,0.847,0.126
344,0.017,0.865,0.118
345,0.035,0.833,0.132
346,0.022,0.806,0.172
347,0.018,0.863,0.119
348,0.02,0.846,0.134
349,0.018,0.857,0.125
350,0.031,0.835,0.135
351,0.018,0.825,0.157
352,0.02,0.79,0.19
353,0.029,0.831,0.14
354,0.032,0.867,0.101
355,0.021,0.816,0.164
356,0.025,0.851,0.123
357,0.01,0.829,0.161
358,0.023,0.859,0.118
359,0.033,0.836,0.131
360,0.022,0.812,0.165
361,0.02,0.807,0.174
362,0.006,0.831,0.162
363,0.018,0.81,0.171
364,0.019,0.843,0.138
365,0.018,0.802,0.18
366,0.021,0.81,0.17
367,0.028,0.829,0.144
368,0.031,0.801,0.169
369,0.014,0.84,0.146
370,0.023,0.823,0.154
371,0.033,0.834,0.134
372,0.031,0.846,0.122
373,0.027,0.802,0.171
374,0.021,0.831,0.148
375,0.024,0.84,0.136
376,0.015,0.804,0.181
377,0.01,0.8,0.19
378,0.021,0.827,0.153
379,0.019,0.889,0.092
380,0.012,0.871,0.117
381,0.032,0.793,0.175
382,0.031,0.822,0.147
383,0.017,0.829,0.154
384,0.032,0.833,0.135
385,0.02,0.805,0.175
386,0.029,0.837,0.134
387,0.018,0.871,0.11
388,0.021,0.829,0.15
389,0.017,0.798,0.185
390,0.028,0.818,0.154
391,0.031,0.84,0.129
392,0.014,0.836,0.149
393,0.023,0.802,0.176
394,0.02,0.826,0.155
395,0.015,0.838,0.147
396,0.022,0.872,0.106
397,0.017,0.814,0.169
398,0.008,0.849,0.143
399,0.018,0.863,0.119
400,0.031,0.828,0.141
401,0.018,0.813,0.168
402,0.014,0.806,0.18
403,0.021,0.814,0.166
404,0.019,0.824,0.157
405,0.026,0.806,0.168
406,0.014,0.833,0.153
407,0.025,0.808,0.168
408,0.032,0.841,0.127
409,0.02,0.835,0.145
410,0.025,0.832,0.142
411,0.021,0.83,0.149
412,0.026,0.828,0.146
413,0.016,0.849,0.135
414,0.012,0.846,0.142
415,0.017,0.83,0.152
416,0.022,0.829,0.149
417,0.015,0.885,0.1
418,0.044,0.833,0.123
419,0.023,0.827,0.15
420,0.026,0.855,0.118
421,0.011,0.843,0.146
422,0.013,0.835,0.152
423,0.025,0.844,0.131
424,0.029,0.814,0.157
425,0.015,0.803,0.182
426,0.021,0.797,0.182
427,0.022,0.849,0.13
428,0.026,0.831,0.144
429,0.024,0.824,0.152
430,0.029,0.83,0.141
431,0.028,0.843,0.13
432,0.007,0.864,0.129
433,0.022,0.85,0.128
434,0.017,0.821,0.162
435,0.03,0.848,0.122
436,0.013,0.819,0.168
437,0.012,0.825,0.162
438,0.017,0.802,0.181
439,0.032,0.818,0.15
440,0.026,0.819,0.154
441,0.025,0.839,0.136
442,0.013,0.845,0.141
443,0.019,0.87,0.11
444,0.011,0.831,0.158
445,0.024,0.833,0.143
446,0.03,0.813,0.157
447,0.018,0.846,0.136
448,0.042,0.836,0.122
449,0.022,0.834,0.143
450,0.023,0.82,0.157
451,0.007,0.811,0.182
452,0.02,0.835,0.145
453,0.023,0.824,0.153
454,0.021,0.856,0.123
455,0.027,0.825,0.148
456,0.024,0.783,0.193
457,0.019,0.854,0.127
458,0.021,0.835,0.144
459,0.008,0.836,0.155
460,0.017,0.88,0.103
461,0.018,0.826,0.156
462,0.02,0.857,0.123
463,0.019,0.843,0.138
464,0.009,0.844,0.147
465,0.024,0.861,0.115
466,0.019,0.815,0.166
467,0.023,0.847,0.13
468,0.028,0.824,0.148
469,0.02,0.821,0.16
470,0.018,0.844,0.138
471,0.022,0.836,0.142
472,0.018,0.813,0.169
473,0.024,0.879,0.097
474,0.012,0.821,0.167
475,0.023,0.796,0.181
476,0.009,0.815,0.176
477,0.029,0.867,0.104
478,0.039,0.807,0.154
479,0.016,0.82,0.165
480,0.034,0.823,0.143
481,0.015,0.845,0.139
482,0.021,0.835,0.144
483,0.024,0.824,0.152
484,0.013,0.852,0.134
485,0.016,0.833,0.151
486,0.017,0.797,0.185
487,0.021,0.804,0.175
488,0.024,0.829,0.147
489,0.024,0.823,0.152
490,0.029,0.833,0.138
491,0.034,0.825,0.141
492,0.025,0.849,0.126
493,0.03,0.851,0.12
494,0.016,0.841,0.144
495,0.013,0.843,0.144
496,0.016,0.865,0.118
497,0.031,0.851,0.118
498,0.017,0.831,0.152
499,0.02,0.816,0.165
500,0.028,0.823,0.149
501,0.017,0.839,0.144
502,0.02,0.823,0.158
503,0.031,0.856,0.113
504,0.018,0.84,0.142
505,0.021,0.853,0.125
506,0.027,0.856,0.117
507,0.011,0.808,0.182
508,0.007,0.82,0.174
509,0.019,0.864,0.117
510,0.019,0.857,0.124
511,0.012,0.833,0.155
512,0.028,0.881,0.091
513,0.016,0.823,0.161
514,0.027,0.786,0.187
515,0.023,0.837,0.14
516,0.018,0.816,0.166
517,0.02,0.809,0.171
518,0.017,0.846,0.138
519,0.014,0.824,0.163
520,0.014,0.85,0.136
521,0.017,0.842,0.141
522,0.028,0.811,0.161
523,0.013,0.799,0.188
524,0.034,0.835,0.131
525,0.01,0.834,0.156
526,0.021,0.851,0.128
527,0.028,0.841,0.131
528,0.023,0.844,0.132
529,0.034,0.839,0.127
530,0.005,0.807,0.187
531,0.036,0.825,0.14
532,0.02,0.823,0.157
533,0.034,0.825,0.141
534,0.031,0.849,0.12
535,0.025,0.82,0.155
536,0.019,0.823,0.158
537,0.019,0.813,0.168
538,0.033,0.827,0.14
539,0.027,0.833,0.139
540,0.022,0.809,0.169
541,0.013,0.859,0.127
542,0.012,0.79,0.198
543,0.01,0.875,0.115
544,0.013,0.833,0.153
545,0.014,0.843,0.143
546,0.024,0.865,0.112
547,0.026,0.837,0.136
548,0.012,0.852,0.135
549,0.034,0.833,0.133
550,0.023,0.83,0.146
551,0.024,0.832,0.144
552,0.018,0.845,0.137
553,0.04,0.847,0.112
554,0.022,0.861,0.117
555,0.021,0.804,0.175
556,0.03,0.847,0.123
557,0.021,0.859,0.12
558,0.042,0.83,0.128
559,0.024,0.82,0.157
560,0.018,0.798,0.184
561,0.015,0.846,0.139
562,0.018,0.849,0.133
563,0.019,0.842,0.139
564,0.015,0.865,0.12
565,0.016,0.834,0.151
566,0.019,0.814,0.167
567,0.024,0.828,0.148
568,0.03,0.829,0.142
569,0.014,0.809,0.177
570,0.018,0.84,0.142
571,0.035,0.833,0.132
572,0.01,0.843,0.147
573,0.029,0.813,0.157
574,0.021,0.86,0.119
575,0.024,0.846,0.13
576,0.017,0.824,0.159
577,0.038,0.83,0.132
578,0.022,0.841,0.136
579,0.016,0.804,0.18
580,0.015,0.842,0.143
581,0.006,0.822,0.172
582,0.015,0.831,0.154
583,0.023,0.858,0.119
584,0.013,0.824,0.162
585,0.018,0.857,0.125
586,0.026,0.813,0.161
587,0.031,0.796,0.173
588,0.023,0.817,0.159
589,0.009,0.824,0.167
590,0.017,0.792,0.191
591,0.016,0.85,0.134
592,0.029,0.827,0.144
593,0.022,0.82,0.158
594,0.019,0.83,0.151
595,0.009,0.849,0.142
596,0.023,0.807,0.17
597,0.007,0.813,0.18
598,0.038,0.84,0.122
599,0.016,0.814,0.17
600,0.01,0.791,0.199
601,0.019,0.838,0.142
602,0.019,0.845,0.136
603,0.017,0.855,0.128
604,0.037,0.853,0.11
605,0.024,0.854,0.122
606,0.013,0.81,0.177
607,0.023,0.825,0.153
608,0.01,0.878,0.112
609,0.006,0.852,0.141
610,0.024,0.809,0.168
611,0.03,0.841,0.13
612,0.028,0.829,0.144
613,0.019,0.842,0.14
614,0.026,0.811,0.162
615,0.012,0.864,0.123
616,0.022,0.841,0.138
617,0.014,0.841,0.145
618,0.029,0.827,0.144
619,0.024,0.809,0.166
620,0.016,0.842,0.142
621,0.013,0.799,0.188
622,0.023,0.806,0.171
623,0.029,0.789,0.181
624,0.031,0.831,0.138
625,0.013,0.846,0.141
626,0.012,0.833,0.155
627,0.013,0.851,0.136
628,0.027,0.801,0.172
629,0.025,0.85,0.125
630,0.017,0.843,0.14
631,0.018,0.837,0.145
632,0.027,0.831,0.142
633,0.029,0.798,0.172
634,0.027,0.827,0.146
635,0.011,0.825,0.164
636,0.017,0.84,0.144
637,0.022,0.814,0.164
638,0.012,0.849,0.139
639,0.018,0.826,0.156
640,0.019,0.842,0.139
641,0.021,0.88,0.099
642,0.019,0.847,0.134
643,0.02,0.824,0.156
644,0.025,0.816,0.159
645,0.019,0.867,0.114
646,0.011,0.881,0.108
647,0.021,0.815,0.164
648,0.02,0.808,0.172
649,0.016,0.842,0.142
650,0.012,0.817,0.172
651,0.015,0.798,0.187
652,0.027,0.826,0.147
653,0.016,0.836,0.148
654,0.033,0.857,0.11
655,0.006,0.827,0.167
656,0.02,0.874,0.106
657,0.017,0.865,0.118
658,0.017,0.79,0.193
659,0.017,0.819,0.165
660,0.036,0.84,0.125
661,0.023,0.845,0.132
662,0.02,0.82,0.159
663,0.039,0.875,0.086
664,0.03,0.808,0.162
665,0.007,0.87,0.124
666,0.019,0.832,0.15
667,0.019,0.825,0.156
668,0.03,0.842,0.128
669,0.036,0.831,0.132
670,0.008,0.879,0.112
671,0.021,0.831,0.149
672,0.027,0.831,0.141
673,0.032,0.839,0.129
674,0.014,0.845,0.14
675,0.016,0.837,0.147
676,0.02,0.825,0.155
677,0.018,0.851,0.132
678,0.014,0.839,0.147
679,0.026,0.848,0.126
680,0.016,0.845,0.139
681,0.029,0.81,0.161
682,0.034,0.821,0.144
683,0.04,0.851,0.109
684,0.028,0.805,0.166
685,0.022,0.831,0.146
686,0.017,0.85,0.133
687,0.019,0.848,0.132
688,0.042,0.859,0.1
689,0.027,0.826,0.147
690,0.016,0.814,0.171
691,0.027,0.854,0.119
692,0.01,0.817,0.174
693,0.023,0.841,0.136
694,0.02,0.855,0.124
695,0.023,0.843,0.133
696,0.032,0.824,0.144
697,0.015,0.845,0.14
698,0.021,0.815,0.163
699,0.018,0.85,0.132
700,0.01,0.843,0.146
701,0.022,0.853,0.125
702,0.023,0.825,0.152
703,0.027,0.842,0.131
704,0.019,0.802,0.178
705,0.027,0.85,0.123
706,0.027,0.874,0.099
707,0.014,0.81,0.176
708,0.018,0.848,0.135
709,0.021,0.825,0.154
710,0.035,0.842,0.123
711,0.04,0.875,0.085
712,0.012,0.851,0.137
713,0.015,0.833,0.152
714,0.014,0.856,0.131
715,0.012,0.866,0.123
716,0.009,0.809,0.181
717,0.016,0.824,0.16
718,0.02,0.799,0.181
719,0.024,0.819,0.158
720,0.028,0.853,0.119
721,0.015,0.853,0.132
722,0.033,0.787,0.18
723,0.012,0.803,0.185
724,0.021,0.832,0.146
725,0.018,0.833,0.149
726,0.026,0.797,0.177
727,0.017,0.811,0.172
728,0.016,0.812,0.172
729,0.013,0.875,0.112
730,0.012,0.807,0.18
731,0.03,0.833,0.137
732,0.022,0.836,0.142
733,0.018,0.871,0.111
734,0.019,0.852,0.13
735,0.022,0.836,0.142
736,0.029,0.803,0.168
737,0.029,0.852,0.119
738,0.016,0.818,0.166
739,0.021,0.85,0.129
740,0.027,0.806,0.167
741,0.017,0.86,0.124
742,0.021,0.824,0.154
743,0.017,0.831,0.152
744,0.02,0.825,0.155
745,0.024,0.867,0.11
746,0.007,0.822,0.171
747,0.009,0.845,0.146
748,0.017,0.847,0.136
749,0.019,0.844,0.137
750,0.012,0.865,0.123
751,0.032,0.812,0.156
752,0.027,0.817,0.156
753,0.039,0.814,0.147
754,0.026,0.864,0.11
755,0.024,0.837,0.139
756,0.037,0.867,0.096
757,0.023,0.814,0.163
758,0.032,0.867,0.102
759,0.018,0.81,0.172
760,0.007,0.853,0.139
761,0.021,0.788,0.191
762,0.02,0.84,0.139
763,0.013,0.812,0.175
764,0.026,0.836,0.138
765,0.035,0.825,0.14
766,0.016,0.836,0.148
767,0.02,0.849,0.132
768,0.016,0.842,0.142
769,0.016,0.816,0.168
770,0.014,0.816,0.17
771,0.015,0.807,0.178
772,0.034,0.826,0.14
773,0.033,0.843,0.124
774,0.021,0.836,0.143
775,0.017,0.832,0.151
776,0.035,0.824,0.141
777,0.029,0.845,0.126
778,0.029,0.869,0.102
779,0.03,0.855,0.115
780,0.023,0.807,0.169
781,0.016,0.819,0.165
782,0.016,0.842,0.141
783,0.02,0.857,0.123
784,0.017,0.808,0.175
785,0.022,0.821,0.156
786,0.027,0.827,0.147
787,0.02,0.808,0.172
788,0.016,0.814,0.17
789,0.017,0.81,0.172
790,0.031,0.805,0.164
791,0.018,0.847,0.135
792,0.044,0.805,0.151
793,0.019,0.851,0.131
794,0.019,0.837,0.144
795,0.011,0.865,0.124
796,0.029,0.854,0.116
797,0.02,0.806,0.174
798,0.011,0.889,0.099
799,0.025,0.788,0.187
800,0.025,0.815,0.16
801,0.024,0.863,0.113
802,0.016,0.822,0.162
803,0.032,0.826,0.141
804,0.021,0.847,0.131
805,0.021,0.835,0.144
806,0.03,0.836,0.134
807,0.028,0.852,0.12
808,0.039,0.818,0.142
809,0.025,0.885,0.091
810,0.025,0.861,0.114
811,0.017,0.831,0.152
812,0.021,0.836,0.143
813,0.037,0.817,0.146
814,0.037,0.851,0.112
815,0.01,0.871,0.118
816,0.016,0.815,0.169
817,0.013,0.829,0.158
818,0.012,0.843,0.145
819,0.018,0.799,0.184
820,0.025,0.818,0.157
821,0.027,0.814,0.159
822,0.031,0.831,0.138
823,0.014,0.805,0.181
824,0.016,0.823,0.161
825,0.028,0.831,0.142
826,0.017,0.817,0.166
827,0.022,0.844,0.133
828,0.022,0.829,0.149
829,0.016,0.816,0.168
830,0.017,0.874,0.11
831,0.02,0.844,0.135
832,0.032,0.822,0.146
833,0.025,0.835,0.14
834,0.02,0.84,0.141
835,0.023,0.819,0.159
836,0.038,0.805,0.157
837,0.019,0.818,0.163
838,0.015,0.822,0.164
839,0.023,0.822,0.155
840,0.013,0.831,0.157
841,0.018,0.83,0.152
842,0.022,0.869,0.108
843,0.021,0.78,0.199
844,0.021,0.845,0.135
845,0.03,0.856,0.114
846,0.015,0.848,0.137
847,0.034,0.834,0.131
848,0.029,0.84,0.131
849,0.024,0.814,0.162
850,0.019,0.838,0.143
851,0.033,0.82,0.147
852,0.022,0.817,0.161
853,0.02,0.823,0.157
854,0.016,0.832,0.152
855,0.021,0.814,0.165
856,0.028,0.853,0.12
857,0.024,0.849,0.127
858,0.03,0.833,0.137
859,0.023,0.83,0.147
860,0.034,0.833,0.133
861,0.022,0.825,0.153
862,0.023,0.83,0.147
863,0.023,0.853,0.125
864,0.02,0.864,0.116
865,0.018,0.887,0.095
866,0.018,0.817,0.166
867,0.021,0.876,0.103
868,0.025,0.858,0.118
869,0.031,0.79,0.179
870,0.028,0.865,0.107
871,0.024,0.832,0.145
872,0.012,0.867,0.121
873,0.009,0.818,0.173
874,0.024,0.816,0.161
875,0.023,0.834,0.143
876,0.029,0.876,0.095
877,0.012,0.874,0.113
878,0.016,0.85,0.134
879,0.026,0.836,0.138
880,0.022,0.81,0.168
881,0.015,0.816,0.169
882,0.016,0.853,0.131
883,0.034,0.808,0.158
884,0.025,0.835,0.14
885,0.013,0.821,0.166
886,0.022,0.836,0.142
887,0.017,0.836,0.147
888,0.02,0.847,0.133
889,0.017,0.868,0.115
890,0.025,0.839,0.136
891,0.019,0.828,0.153
892,0.014,0.819,0.166
893,0.017,0.836,0.147
894,0.017,0.804,0.179
895,0.027,0.873,0.1
896,0.023,0.856,0.122
897,0.021,0.854,0.126
898,0.013,0.837,0.151
899,0.025,0.855,0.12
900,0.02,0.826,0.155
901,0.019,0.879,0.102
902,0.03,0.861,0.109
903,0.019,0.831,0.15
904,0.02,0.827,0.153
905,0.021,0.808,0.171
906,0.034,0.805,0.161
907,0.017,0.853,0.131
908,0.006,0.853,0.141
909,0.02,0.808,0.172
910,0.013,0.839,0.149
911,0.014,0.823,0.163
912,0.019,0.82,0.161
913,0.026,0.832,0.141
914,0.019,0.836,0.145
915,0.017,0.823,0.16
916,0.024,0.838,0.138
917,0.02,0.854,0.126
918,0.012,0.799,0.19
919,0.025,0.844,0.13
920,0.022,0.857,0.121
921,0.016,0.833,0.151
922,0.025,0.847,0.128
923,0.026,0.832,0.141
924,0.026,0.826,0.148
925,0.024,0.873,0.102
926,0.015,0.801,0.185
927,0.031,0.816,0.152
928,0.021,0.851,0.128
929,0.014,0.833,0.153
930,0.037,0.873,0.09
931,0.022,0.853,0.125
932,0.012,0.82,0.169
933,0.03,0.835,0.135
934,0.021,0.844,0.135
935,0.007,0.844,0.149
936,0.017,0.841,0.142
937,0.032,0.859,0.11
938,0.033,0.813,0.154
939,0.028,0.858,0.114
940,0.013,0.817,0.17
941,0.018,0.861,0.121
942,0.009,0.87,0.122
943,0.033,0.823,0.144
944,0.012,0.831,0.157
945,0.021,0.839,0.14
946,0.014,0.864,0.122
947,0.029,0.827,0.143
948,0.013,0.816,0.171
949,0.017,0.85,0.133
950,0.032,0.814,0.154
951,0.019,0.86,0.121
952,0.02,0.839,0.141
953,0.022,0.845,0.133
954,0.023,0.822,0.154
955,0.028,0.803,0.169
956,0.017,0.855,0.128
957,0.011,0.814,0.174
958,0.024,0.855,0.121
959,0.025,0.823,0.151
960,0.023,0.852,0.125
961,0.025,0.84,0.135
962,0.018,0.814,0.168
963,0.012,0.849,0.139
964,0.025,0.859,0.116
965,0.011,0.834,0.155
966,0.029,0.781,0.19
967,0.023,0.818,0.159
968,0.035,0.836,0.129
969,0.013,0.83,0.157
970,0.017,0.837,0.146
971,0.017,0.831,0.152
972,0.028,0.809,0.163
973,0.021,0.841,0.138
974,0.022,0.849,0.13
975,0.028,0.832,0.14
976,0.045,0.829,0.125
977,0.024,0.81,0.167
978,0.019,0.79,0.19
979,0.022,0.814,0.164
980,0.015,0.849,0.135
981,0.007,0.834,0.159
982,0.01,0.873,0.117
983,0.032,0.835,0.133
984,0.013,0.835,0.152
985,0.009,0.884,0.107
986,0.025,0.869,0.106
987,0.028,0.82,0.153
988,0.034,0.827,0.14
989,0.011,0.824,0.165
990,0.031,0.845,0.125
991,0.017,0.83,0.153
992,0.029,0.82,0.151
993,0.01,0.833,0.157
994,0.017,0.797,0.186
995,0.024,0.848,0.127
996,0.017,0.867,0.116
997,0.042,0.824,0.134
998,0.021,0.819,0.161
999,0.017,0.851,0.132
1000,0.025,0.816,0.159
1001,0.013,0.831,0.156
1002,0.028,0.787,0.185
1003,0.028,0.821,0.151
1004,0.019,0.831,0.15
1005,0.019,0.806,0.175
1006,0.019,0.838,0.143
1007,0.028,0.861,0.112
1008,0.036,0.834,0.129
1009,0.032,0.836,0.132
1010,0.025,0.845,0.129
1011,0.017,0.818,0.165
1012,0.02,0.807,0.172
1013,0.018,0.845,0.137
1014,0.035,0.836,0.129
1015,0.007,0.825,0.168
1016,0.027,0.852,0.121
1017,0.022,0.866,0.112
1018,0.024,0.8,0.177
1019,0.021,0.85,0.13
1020,0.013,0.836,0.151
1021,0.031,0.862,0.107
1022,0.041,0.812,0.147
1023,0.015,0.83,0.155
1024,0.022,0.825,0.153
1025,0.017,0.829,0.154
1026,0.028,0.856,0.115
1027,0.018,0.817,0.165
1028,0.016,0.844,0.14
1029,0.047,0.847,0.105
1030,0.02,0.85,0.131
1031,0.03,0.853,0.117
1032,0.031,0.807,0.161
1033,0.017,0.836,0.147
1034,0.01,0.853,0.136
1035,0.027,0.838,0.135
1036,0.019,0.849,0.132
1037,0.014,0.796,0.191
1038,0.033,0.805,0.162
1039,0.027,0.826,0.147
1040,0.014,0.814,0.172
1041,0.039,0.807,0.154
1042,0.006,0.83,0.163
1043,0.015,0.833,0.152
1044,0.02,0.825,0.154
1045,0.037,0.873,0.09
1046,0.015,0.842,0.143
1047,0.049,0.842,0.109
1048,0.045,0.822,0.133
1049,0.013,0.802,0.185
1050,0.019,0.833,0.148
1051,0.033,0.856,0.111
1052,0.015,0.835,0.15
1053,0.014,0.824,0.162
1054,0.021,0.831,0.148
1055,0.019,0.829,0.152
1056,0.018,0.803,0.179
1057,0.033,0.797,0.17
1058,0.02,0.828,0.152
1059,0.031,0.814,0.155
1060,0.024,0.848,0.128
1061,0.017,0.794,0.188
1062,0.019,0.825,0.156
1063,0.016,0.823,0.161
1064,0.019,0.843,0.138
1065,0.015,0.815,0.171
1066,0.016,0.83,0.154
1067,0.014,0.822,0.164
1068,0.033,0.823,0.144
1069,0.024,0.814,0.162
1070,0.035,0.836,0.129
1071,0.026,0.841,0.133
1072,0.018,0.829,0.153
1073,0.026,0.854,0.12
1074,0.015,0.778,0.207
1075,0.025,0.818,0.157
1076,0.036,0.827,0.137
1077,0.02,0.834,0.146
1078,0.015,0.825,0.16
1079,0.021,0.852,0.127
1080,0.014,0.817,0.17
1081,0.029,0.814,0.157
1082,0.023,0.867,0.11
1083,0.02,0.849,0.131
1084,0.019,0.83,0.151
1085,0.025,0.874,0.101
1086,0.019,0.823,0.158
1087,0.018,0.834,0.148
1088,0.011,0.858,0.131
1089,0.03,0.819,0.151
1090,0.024,0.799,0.176
1091,0.026,0.845,0.129
1092,0.014,0.863,0.124
1093,0.011,0.865,0.123
1094,0.03,0.848,0.121
1095,0.021,0.825,0.155
1096,0.025,0.84,0.136
1097,0.021,0.831,0.148
1098,0.019,0.857,0.124
1099,0.019,0.811,0.17
1100,0.036,0.848,0.116
1101,0.023,0.826,0.151
1102,0.025,0.82,0.155
1103,0.022,0.842,0.136
1104,0.03,0.812,0.158
1105,0.018,0.849,0.133
1106,0.014,0.875,0.111
1107,0.019,0.852,0.129
1108,0.026,0.843,0.131
1109,0.013,0.828,0.159
1110,0.022,0.831,0.146
1111,0.022,0.831,0.146
1112,0.02,0.806,0.174
1113,0.011,0.861,0.128
1114,0.025,0.807,0.168
1115,0.023,0.787,0.191
1116,0.02,0.842,0.138
1117,0.016,0.837,0.147
1118,0.022,0.832,0.146
1119,0.026,0.817,0.157
1120,0.022,0.872,0.106
1121,0.034,0.83,0.136
1122,0.026,0.841,0.133
1123,0.019,0.8,0.182
1124,0.025,0.887,0.088
1125,0.011,0.798,0.191
1126,0.021,0.837,0.142
1127,0.023,0.829,0.147
1128,0.017,0.813,0.17
1129,0.035,0.833,0.132
1130,0.032,0.856,0.113
1131,0.047,0.854,0.098
1132,0.035,0.831,0.134
1133,0.02,0.837,0.143
1134,0.022,0.836,0.142
1135,0.026,0.814,0.161
1136,0.012,0.846,0.142
1137,0.018,0.834,0.149
1138,0.009,0.834,0.157
1139,0.008,0.767,0.225
1140,0.01,0.874,0.116
1141,0.016,0.848,0.136
1142,0.023,0.852,0.125
1143,0.024,0.814,0.161
1144,0.008,0.815,0.177
1145,0.023,0.845,0.132
1146,0.017,0.836,0.147
1147,0.015,0.851,0.133
1148,0.012,0.807,0.18
1149,0.017,0.798,0.186
1150,0.02,0.848,0.132
1151,0.022,0.833,0.145
1152,0.027,0.883,0.09
1153,0.03,0.837,0.133
1154,0.026,0.816,0.159
1155,0.022,0.824,0.153
1156,0.017,0.841,0.142
1157,0.022,0.862,0.115
1158,0.031,0.848,0.122
1159,0.013,0.855,0.132
1160,0.015,0.84,0.145
1161,0.027,0.829,0.144
1162,0.028,0.888,0.085
1163,0.031,0.821,0.149
1164,0.016,0.855,0.13
1165,0.024,0.848,0.128
1166,0.033,0.826,0.141
1167,0.026,0.858,0.116
1168,0.033,0.814,0.153
1169,0.036,0.83,0.134
1170,0.027,0.842,0.131
1171,0.025,0.844,0.131
1172,0.038,0.827,0.135
1173,0.02,0.847,0.133
1174,0.018,0.855,0.126
1175,0.015,0.818,0.168
1176,0.018,0.853,0.129
1177,0.025,0.838,0.138
1178,0.016,0.828,0.156
1179,0.015,0.845,0.14
1180,0.024,0.819,0.157
1181,0.024,0.793,0.183
1182,0.031,0.855,0.114
1183,0.02,0.85,0.13
1184,0.026,0.817,0.157
1185,0.018,0.834,0.148
1186,0.028,0.846,0.126
1187,0.026,0.83,0.144
1188,0.023,0.785,0.193
1189,0.028,0.869,0.104
1190,0.025,0.82,0.155
1191,0.021,0.84,0.139
1192,0.021,0.815,0.165
1193,0.013,0.81,0.177
1194,0.021,0.836,0.143
1195,0.026,0.842,0.131
1196,0.016,0.846,0.138
1197,0.014,0.813,0.173
1198,0.02,0.849,0.131
1199,0.025,0.815,0.16
1200,0.026,0.824,0.15
1201,0.01,0.852,0.138
1202,0.006,0.844,0.15
1203,0.012,0.88,0.108
1204,0.021,0.83,0.149
1205,0.017,0.83,0.152
1206,0.028,0.85,0.122
1207,0.041,0.828,0.13
1208,0.025,0.82,0.156
1209,0.024,0.824,0.152
1210,0.04,0.839,0.12
1211,0.023,0.806,0.171
1212,0.013,0.847,0.14
1213,0.018,0.822,0.159
1214,0.017,0.867,0.116
1215,0.019,0.826,0.156
1216,0.027,0.832,0.141
1217,0.011,0.876,0.113
1218,0.019,0.842,0.139
1219,0.014,0.85,0.136
1220,0.022,0.813,0.164
1221,0.026,0.849,0.126
1222,0.028,0.803,0.169
1223,0.011,0.848,0.141
1224,0.02,0.786,0.194
1225,0.035,0.81,0.154
1226,0.022,0.827,0.151
1227,0.012,0.834,0.153
1228,0.018,0.819,0.163
1229,0.021,0.857,0.122
1230,0.027,0.786,0.187
1231,0.024,0.849,0.127
1232,0.03,0.828,0.142
1233,0.022,0.812,0.166
1234,0.031,0.823,0.146
1235,0.023,0.875,0.103
1236,0.013,0.867,0.12
1237,0.02,0.83,0.15
1238,0.02,0.802,0.177
1239,0.022,0.831,0.147
1240,0.028,0.867,0.105
1241,0.018,0.866,0.115
1242,0.019,0.81,0.171
1243,0.017,0.858,0.125
1244,0.022,0.827,0.151
1245,0.019,0.792,0.19
1246,0.039,0.838,0.124
1247,0.025,0.805,0.17
1248,0.014,0.881,0.105
1249,0.01,0.861,0.129
1250,0.018,0.808,0.174
1251,0.033,0.798,0.169
1252,0.016,0.823,0.161
1253,0.014,0.829,0.157
1254,0.024,0.844,0.132
1255,0.019,0.834,0.147
1256,0.017,0.827,0.156
1257,0.023,0.803,0.175
1258,0.017,0.825,0.159
1259,0.018,0.82,0.162
1260,0.014,0.813,0.173
1261,0.018,0.845,0.137
1262,0.021,0.844,0.135
1263,0.006,0.855,0.139
1264,0.022,0.852,0.127
1265,0.033,0.811,0.156
1266,0.024,0.827,0.149
1267,0.021,0.847,0.131
1268,0.033,0.808,0.16
1269,0.019,0.8,0.181
1270,0.02,0.858,0.122
1271,0.018,0.859,0.123
1272,0.016,0.832,0.151
1273,0.023,0.846,0.131
1274,0.018,0.845,0.138
1275,0.01,0.823,0.167
1276,0.019,0.823,0.158
1277,0.015,0.873,0.111
1278,0.013,0.827,0.16
1279,0.018,0.786,0.196
1280,0.024,0.818,0.158
1281,0.016,0.828,0.156
1282,0.014,0.833,0.153
1283,0.033,0.817,0.15
1284,0.02,0.854,0.126
1285,0.024,0.829,0.147
1286,0.014,0.833,0.153
1287,0.038,0.856,0.107
1288,0.023,0.841,0.136
1289,0.017,0.856,0.127
1290,0.007,0.843,0.151
1291,0.02,0.853,0.127
1292,0.013,0.801,0.186
1293,0.018,0.868,0.114
1294,0.023,0.851,0.127
1295,0.011,0.848,0.141
1296,0.022,0.804,0.174
1297,0.026,0.823,0.151
1298,0.02,0.807,0.173
1299,0.028,0.853,0.12
1300,0.017,0.828,0.156
1301,0.021,0.85,0.129
1302,0.036,0.845,0.119
1303,0.043,0.828,0.129
1304,0.029,0.843,0.128
1305,0.024,0.814,0.162
1306,0.034,0.814,0.152
1307,0.042,0.808,0.149
1308,0.02,0.846,0.135
1309,0.021,0.834,0.145
1310,0.015,0.808,0.177
1311,0.021,0.819,0.16
1312,0.028,0.884,0.088
1313,0.022,0.84,0.138
1314,0.017,0.863,0.12
1315,0.021,0.818,0.161
1316,0.009,0.844,0.147
1317,0.008,0.834,0.159
1318,0.014,0.853,0.132
1319,0.018,0.814,0.167
1320,0.022,0.803,0.175
1321,0.034,0.817,0.149
1322,0.016,0.872,0.112
1323,0.028,0.82,0.152
1324,0.028,0.821,0.151
1325,0.022,0.812,0.166
1326,0.027,0.843,0.13
1327,0.015,0.82,0.165
1328,0.026,0.816,0.158
1329,0.014,0.841,0.145
1330,0.016,0.862,0.122
1331,0.026,0.811,0.163
1332,0.004,0.874,0.121
1333,0.025,0.81,0.166
1334,0.021,0.808,0.171
1335,0.019,0.818,0.163
1336,0.01,0.82,0.17
1337,0.013,0.816,0.171
1338,0.026,0.826,0.148
1339,0.021,0.819,0.16
1340,0.023,0.834,0.143
1341,0.021,0.823,0.156
1342,0.014,0.8,0.187
1343,0.025,0.837,0.139
1344,0.013,0.805,0.182
1345,0.032,0.845,0.122
1346,0.015,0.806,0.179
1347,0.039,0.802,0.16
1348,0.021,0.846,0.133
1349,0.017,0.808,0.175
1350,0.031,0.841,0.127
1351,0.036,0.835,0.129
1352,0.022,0.81,0.168
1353,0.017,0.811,0.172
1354,0.023,0.8,0.176
1355,0.02,0.838,0.142
1356,0.021,0.87,0.11
1357,0.014,0.858,0.128
1358,0.013,0.83,0.157
1359,0.018,0.835,0.146
1360,0.034,0.846,0.12
1361,0.023,0.832,0.145
1362,0.018,0.832,0.149
1363,0.034,0.816,0.15
1364,0.027,0.835,0.137
1365,0.021,0.829,0.15
1366,0.013,0.856,0.131
1367,0.025,0.852,0.123
1368,0.021,0.793,0.186
1369,0.021,0.846,0.132
1370,0.027,0.805,0.167
1371,0.012,0.849,0.139
1372,0.024,0.866,0.11
1373,0.043,0.813,0.144
1374,0.019,0.83,0.151
1375,0.021,0.819,0.16
1376,0.031,0.815,0.154
1377,0.006,0.84,0.154
1378,0.031,0.876,0.093
1379,0.018,0.84,0.141
1380,0.034,0.834,0.131
1381,0.013,0.832,0.156
1382,0.023,0.818,0.158
1383,0.016,0.821,0.162
1384,0.02,0.821,0.159
1385,0.007,0.833,0.16
1386,0.018,0.865,0.117
1387,0.028,0.815,0.157
1388,0.042,0.825,0.133
1389,0.015,0.819,0.166
1390,0.025,0.842,0.133
1391,0.024,0.836,0.14
1392,0.03,0.791,0.179
1393,0.017,0.834,0.149
1394,0.029,0.853,0.118
1395,0.007,0.841,0.152
1396,0.026,0.84,0.134
1397,0.033,0.839,0.128
1398,0.019,0.84,0.141
1399,0.031,0.795,0.175
1400,0.029,0.849,0.122
1401,0.02,0.787,0.192
1402,0.013,0.847,0.14
1403,0.012,0.846,0.142
1404,0.022,0.794,0.184
1405,0.007,0.858,0.135
1406,0.014,0.833,0.153
1407,0.022,0.804,0.174
1408,0.022,0.821,0.158
1409,0.012,0.83,0.158
1410,0.011,0.83,0.159
1411,0.017,0.811,0.172
1412,0.009,0.865,0.126
1413,0.027,0.848,0.126
1414,0.033,0.839,0.128
1415,0.018,0.846,0.136
1416,0.011,0.828,0.16
1417,0.026,0.828,0.146
1418,0.02,0.819,0.16
1419,0.019,0.841,0.139
1420,0.021,0.84,0.138
1421,0.035,0.808,0.157
1422,0.012,0.832,0.155
1423,0.029,0.856,0.115
1424,0.016,0.81,0.173
1425,0.024,0.846,0.131
1426,0.011,0.814,0.175
1427,0.013,0.848,0.139
1428,0.029,0.825,0.146
1429,0.025,0.829,0.145
1430,0.035,0.826,0.139
1431,0.032,0.79,0.177
1432,0.029,0.848,0.123
1433,0.03,0.833,0.137
1434,0.029,0.847,0.124
1435,0.018,0.856,0.126
1436,0.016,0.81,0.174
1437,0.017,0.83,0.153
1438,0.025,0.839,0.136
1439,0.015,0.838,0.147
1440,0.032,0.835,0.132
1441,0.015,0.814,0.171
1442,0.011,0.815,0.174
1443,0.024,0.853,0.123
1444,0.014,0.819,0.167
1445,0.021,0.857,0.122
1446,0.016,0.833,0.151
1447,0.022,0.818,0.161
1448,0.021,0.817,0.162
1449,0.015,0.839,0.146
1450,0.01,0.827,0.164
1451,0.021,0.829,0.15
1452,0.013,0.838,0.149
1453,0.02,0.817,0.163
1454,0.013,0.823,0.164
1455,0.016,0.828,0.155
1456,0.02,0.86,0.12
1457,0.012,0.859,0.129
1458,0.009,0.836,0.155
1459,0.023,0.804,0.173
1460,0.018,0.82,0.162
1461,0.015,0.81,0.175
1462,0.017,0.839,0.144
1463,0.013,0.808,0.179
1464,0.02,0.778,0.202
1465,0.014,0.794,0.191
1466,0.026,0.816,0.159
1467,0.026,0.827,0.147
1468,0.02,0.787,0.194
1469,0.019,0.827,0.154
1470,0.016,0.86,0.124
1471,0.007,0.844,0.149
1472,0.009,0.83,0.161
1473,0.011,0.835,0.155
1474,0.015,0.802,0.183
1475,0.025,0.798,0.177
1476,0.022,0.865,0.113
1477,0.027,0.841,0.132
1478,0.018,0.838,0.144
1479,0.01,0.821,0.168
1480,0.018,0.819,0.163
1481,0.011,0.808,0.182
1482,0.022,0.839,0.139
1483,0.005,0.84,0.155
1484,0.012,0.821,0.167
1485,0.022,0.825,0.152
1486,0.016,0.836,0.148
1487,0.029,0.849,0.123
1488,0.022,0.817,0.161
1489,0.026,0.821,0.153
1490,0.021,0.843,0.136
1491,0.031,0.832,0.137
1492,0.018,0.809,0.174
1493,0.013,0.828,0.159
1494,0.018,0.828,0.154
1495,0.022,0.788,0.19
1496,0.021,0.85,0.129
1497,0.017,0.795,0.188
1498,0.007,0.831,0.162
1499,0.028,0.817,0.155
1500,0.033,0.812,0.155
1501,0.024,0.849,0.127
1502,0.025,0.828,0.147
1503,0.02,0.79,0.19
1504,0.036,0.789,0.175
1505,0.02,0.816,0.164
1506,0.038,0.825,0.136
1507,0.009,0.817,0.174
1508,0.006,0.847,0.147
1509,0.017,0.849,0.133
1510,0.027,0.861,0.112
1511,0.008,0.819,0.172
1512,0.009,0.836,0.155
1513,0.011,0.824,0.165
1514,0.016,0.806,0.178
1515,0.019,0.847,0.134
1516,0.026,0.806,0.168
1517,0.02,0.827,0.152
1518,0.024,0.841,0.135
1519,0.019,0.841,0.14
1520,0.023,0.81,0.166
1521,0.021,0.797,0.183
1522,0.038,0.846,0.116
1523,0.013,0.847,0.14
1524,0.018,0.839,0.143
1525,0.024,0.846,0.13
1526,0.011,0.815,0.173
1527,0.031,0.833,0.136
1528,0.019,0.788,0.193
1529,0.02,0.837,0.144
1530,0.019,0.821,0.16
1531,0.026,0.82,0.154
1532,0.031,0.835,0.134
1533,0.02,0.833,0.147
1534,0.01,0.854,0.136
1535,0.024,0.841,0.135
1536,0.019,0.807,0.175
1537,0.019,0.845,0.137
1538,0.019,0.809,0.171
1539,0.027,0.84,0.133
1540,0.011,0.839,0.15
1541,0.007,0.83,0.163
1542,0.017,0.822,0.161
1543,0.01,0.834,0.156
1544,0.018,0.814,0.168
1545,0.022,0.826,0.152
1546,0.018,0.816,0.166
1547,0.009,0.852,0.139
1548,0.015,0.822,0.163
1549,0.009,0.857,0.135
1550,0.024,0.817,0.159
1551,0.018,0.8,0.182
1552,0.029,0.848,0.123
1553,0.016,0.844,0.141
1554,0.013,0.813,0.174
1555,0.015,0.791,0.195
1556,0.018,0.857,0.124
1557,0.014,0.826,0.159
1558,0.012,0.879,0.109
1559,0.017,0.81,0.174
1560,0.014,0.844,0.142
1561,0.009,0.833,0.158
1562,0.02,0.822,0.157
1563,0.015,0.8,0.185
1564,0.022,0.839,0.139
1565,0.017,0.855,0.129
1566,0.02,0.841,0.139
1567,0.008,0.823,0.168
1568,0.01,0.852,0.138
1569,0.016,0.812,0.172
1570,0.028,0.825,0.147
1571,0.026,0.842,0.132
1572,0.027,0.831,0.142
1573,0.028,0.832,0.14
1574,0.017,0.824,0.159
1575,0.013,0.827,0.16
1576,0.04,0.826,0.134
1577,0.014,0.807,0.179
1578,0.017,0.85,0.133
1579,0.008,0.819,0.173
1580,0.021,0.822,0.158
1581,0.009,0.813,0.178
1582,0.015,0.844,0.142
1583,0.027,0.804,0.169
1584,0.016,0.849,0.135
1585,0.013,0.862,0.125
1586,0.016,0.826,0.158
1587,0.012,0.819,0.169
1588,0.014,0.801,0.185
1589,0.03,0.83,0.14
1590,0.015,0.826,0.159
1591,0.019,0.801,0.18
1592,0.014,0.838,0.148
1593,0.016,0.82,0.164
1594,0.005,0.851,0.144
1595,0.02,0.795,0.184
1596,0.015,0.786,0.199
1597,0.008,0.817,0.175
1598,0.017,0.82,0.163
1599,0.029,0.85,0.121
1600,0.014,0.809,0.177
1601,0.014,0.823,0.164
1602,0.024,0.79,0.186
1603,0.034,0.84,0.126
1604,0.014,0.824,0.162
1605,0.01,0.828,0.162
1606,0.018,0.811,0.171
1607,0.017,0.817,0.166
1608,0.032,0.813,0.155
1609,0.033,0.843,0.124
1610,0.008,0.821,0.17
1611,0.017,0.825,0.158
1612,0.019,0.843,0.138
1613,0.017,0.811,0.172
1614,0.019,0.822,0.16
1615,0.026,0.8,0.174
1616,0.017,0.811,0.172
1617,0.01,0.859,0.132
1618,0.012,0.82,0.167
1619,0.04,0.819,0.141
1620,0.011,0.848,0.142
1621,0.021,0.799,0.18
1622,0.016,0.799,0.185
1623,0.032,0.818,0.15
1624,0.015,0.83,0.156
1625,0.015,0.873,0.112
1626,0.022,0.831,0.147
1627,0.018,0.777,0.204
1628,0.019,0.813,0.168
1629,0.005,0.834,0.161
1630,0.014,0.869,0.117
1631,0.014,0.862,0.124
1632,0.014,0.803,0.183
1633,0.031,0.842,0.127
1634,0.016,0.779,0.205
1635,0.022,0.853,0.124
1636,0.027,0.768,0.205
1637,0.036,0.816,0.148
1638,0.013,0.818,0.168
1639,0.009,0.812,0.179
1640,0.022,0.826,0.152
1641,0.014,0.852,0.135
1642,0.022,0.841,0.137
1643,0.019,0.83,0.15
1644,0.018,0.841,0.141
1645,0.016,0.797,0.186
1646,0.019,0.82,0.16
1647,0.021,0.843,0.136
1648,0.029,0.814,0.158
1649,0.018,0.814,0.168
1650,0.015,0.799,0.186
1651,0.011,0.818,0.17
1652,0.027,0.836,0.136
1653,0.009,0.815,0.176
1654,0.009,0.854,0.137
1655,0.014,0.82,0.166
1656,0.009,0.856,0.134
1657,0.024,0.841,0.135
1658,0.026,0.806,0.169
1659,0.042,0.85,0.108
1660,0.005,0.827,0.167
1661,0.006,0.82,0.173
1662,0.016,0.817,0.167
1663,0.022,0.842,0.136
1664,0.018,0.845,0.137
1665,0.025,0.835,0.14
1666,0.009,0.801,0.19
1667,0.01,0.838,0.153
1668,0.009,0.813,0.179
1669,0.012,0.847,0.141
1670,0.021,0.818,0.161
1671,0.013,0.83,0.157
1672,0.012,0.844,0.143
1673,0.004,0.815,0.181
1674,0.0,0.882,0.118
1675,0.0,0.838,0.162
1676,0.0,0.896,0.104
1677,0.0,0.975,0.025
1678,0.0,0.946,0.054
1679,0.0,0.938,0.062
1680,0.0,0.906,0.094
1681,0.0,0.95,0.05
1682,0.0,0.984,0.016
1683,0.032,0.877,0.091
1684,0.0,0.905,0.095
1685,0.0,0.946,0.054
1686,0.0,0.9,0.1
1687,0.0,0.928,0.072
1688,0.0,0.901,0.099
1689,0.0,0.945,0.055
1690,0.0,0.946,0.054
1691,0.0,0.855,0.145
1692,0.0,0.915,0.085
1693,0.0,0.902,0.098
1694,0.0,0.899,0.101
1695,0.0,0.922,0.078
1696,0.0,0.882,0.118
1697,0.0,0.937,0.063
1698,0.0,0.963,0.037
1699,0.0,0.875,0.125
1700,0.0,0.978,0.022
1701,0.0,0.928,0.072
1702,0.0,0.922,0.078
1703,0.0,0.938,0.062
1704,0.0,0.957,0.043
1705,0.0,0.907,0.093
1706,0.0,0.863,0.137
1707,0.0,0.943,0.057
1708,0.0,0.958,0.042
1709,0.0,0.91,0.09
1710,0.0,0.93,0.07
1711,0.0,0.95,0.05
1712,0.0,1.0,0.0
1713,0.0,0.961,0.039
1714,0.0,0.887,0.113
1715,0.0,0.901,0.099
1716,0.0,0.954,0.046
1717,0.016,0.818,0.166
1718,0.0,0.934,0.066
1719,0.0,0.864,0.136
1720,0.0,0.954,0.046
1721,0.0,0.929,0.071
1722,0.037,0.941,0.022
1723,0.0,0.912,0.088
1724,0.0,0.907,0.093
1725,0.0,1.0,0.0
1726,0.0,0.904,0.096
1727,0.0,0.95,0.05
1728,0.0,0.922,0.078
1729,0.0,0.921,0.079
1730,0.0,0.907,0.093
1731,0.0,0.954,0.046
1732,0.0,0.937,0.063
1733,0.028,0.809,0.163
1734,0.0,0.868,0.132
1735,0.0,0.926,0.074
1736,0.0,0.917,0.083
